,cluster_#0,cluster_#1,cluster_#2,cluster_#3,cluster_#4,cluster_#5,cluster_#6,cluster_#7,cluster_#8,cluster_#9,cluster_#10,cluster_#11,cluster_#12,cluster_#13,cluster_#14
Count,24,328,30,87,32,15,16,33,12,9,19,14,19,17,31
0,How do I know if I haver coronavirus?,When should I go to the hospital?,what is covid-19,What is the impact that covid-19 has in the economy?,Is there a vaccine for corona virus?,what are the symptoms,What's covid19?,Which country infected ? ,what are the symptoms of COVID-19?,What is the incubation time of the virus?,How many confirmed cases in Ontario now?,"If Iâ€™m sneezing, should I get tested for corona virus?",How many people have dies,I think I have a fever. What do I do?,I'd love to know how long I can be contagious?
1,What is coronavirus ?,Does the virus spread by rain?,What is Covid-19?,Can the Covid survive in the air?,what is the death rate of the new corona virus,What are the symptoms,covid19 symptons?,How many infected person in south korea?,Symptoms of Covid ,Is the virus infectious during incubation period?,How many cases in Quebec? ,which hospital takes the test for covid 19?,who is at risk of dying after contracting the virus?,I have fever what I should do,How long before symptoms start to show? 
2,How long are you contagious if you have Coronavirus?,What are the synthoms?,What is the covid?,Does covid-19 test anonymous?,may I know what is corona?,what are the symptoms,What is Covid19,I have cough. Does that mean I might be infected?,What are the symptoms of Covid-19?,What is the incubation time of covid-19 by age,How many cases in Montreal?,Where should I be tested ?,how many people positive result with COVID-19,Is fever the main symptom for vivid-19,How long does it last? 
3,How do I treat coronavirus?,What mesures needs to take a pregnant women to reduce the risk?,What is covid,Is itchy throat sign of covid 19,Symptoms of corona,What are the symptoms ,How can I make the difference between a cold and covid19?,What is the current situation of COVID-19 infections?,What is the covid-19 symptoms? ,What is the incubation period for COVID-19?,how many cases are there in Washington state,Where can I get tested?,how many people died?,What if I have cough ?,How long does it last once infected ?
4,Is it true that warm kills Coronavirus?,Do you think Taiwan is good?,What is the COVID-19?,What are the symptoms of vivid 19?,"Hello, what happens after corona?",What are the symptoms,What are the symptoms of the covid19?,How do people get infected with Coronavirus?,What are the symptoms of COVID-19?,Whatâ€™s the incubation period? ,How many cases in Montreal,where can I test for covid,What is the probability of dying?,"Must the fever-symptom related to COVID-19 be a continuous fever, or is it possible that the fever is short-lived?",How long does the virus live on clothes?
5,Is it true that warm kills Coronavirus?,How's the shortness of breath?,what's is COVID-19?,when covid 19 is going to stop?,How do I know if I have the corona virus,Symptoms,What's covid19? ,How many people are infected in Lithuania?,what are the symptoms of covid-19,What is the period of incubation?,How many case in montreal,"I would like to get COVID19 test, where can I get it?",how many people in America?,Is a cough but no fever a symptom?,How long am I infectious for
6,"I think I have coronavirus, should I go to the emergency",Is the Asymptomatic Carrier a temporary status? ,Covid-19,if my tempreture is over 39 can i assume that i have covid-19 ?,Whats corona,Symptom,Can you explain to me what is the covid19?,Am I infected,What are the symptoms of COVID-19?,What is the incubation period? ,How many COVID-19 related deaths have there been in Montreal?,How can I get help?,How many people have it in my town?,is fever a symptom of coronavirus? ,How long can the covid-19 survive outside the body
7,Will high temperature kill coronavirus?,What is it,What is covid?,Impact of covid,how much does corona virus stay on each kind of surfaces?,What do I do if I have symptoms?,What are the symptoms of covid19,What do I do if I suspect I'm infected?,What are the symptoms of Covid-19?,How long is incubation period? ,How many cases in Montreal ,Where do we get the test for COVID-19?,How does it die in asymptomatic people?,I am coughing but I don't have fever. Could I have covid-19?,How long is the treatment?
8,what are the main symptoms of coronavirus,How to avoid exposure?,What is covid 19?,Will herd immunity be the only means of eradicating COVID-19?,What are the symptoms of Corona?,What are symptoms ,What are the symptoms of covid19?,how can I prevent to get infected?,symptoms of covid-19,How long does this virus incubate? ,How many cases in Quebec ,Were can I get tested? ,how many people have died in the US?,What should I do if I have fever?,How long does it take to recover?
9,How do I know if I have the flu or coronavirus,South korea,What is covid,how is covid 19 spread?,Why is it called Corona virus?,What are the Symptome ,What's covid19,Which country infected ? ,what are covid-19 symptoms?,-,How many days should I isolate for,I was very sick with covid symptoms in late February and still coughing . Should I go get tested,Can I die from Covid-19?,Does the fever persists in corona ,how long would it take for the virus to disappear ? 
10,Can anti-viral drugs be used to treat the coronavirus?,What is,Covid?,How does COVID-19 spread?,What shall I do if I have to go out to buy things to protect myself from corona virus?,Symptom,What is covid19?,What should I do if i think that i'm infected ?,what are covid symptoms,-,How many cases of covid in laval,"if i think i have it, should i got get tested",What are the risks for people with diabetes? ,"i am coughing, what should i do?",How long will I be sick if I get the virus
11,How to differentiate between coronavirus and simple flu?,Will the heat of the summer help fighting the virus?,What is COVID 19?,Will social distancing slow the spread of covid-19?,how to know if i have corona,what is the symptoms?,Who can I make the difference between a cold and covid19?,How long until an infected person shows symptoms?,What are the symptoms of COVID-19,-,In how many days can covid be cured? ,where can I get tested,how many people die for cover?,I have shortness of breath but no fever,How long will it last?
12,What's the difference between COVID-19 and CoronaVirus?,Do we see a future where this virus won't be such a threat anymore? ,What is covid,How does COVID-19 kill its victims?,What are the symptoms of corona virus,What are the symptoms?,What are the Symptom for covid19,Can this virus infect me in an airborne fashion?,-,-,How many death in Quebec?,How to know if I get COVID-19 or not?,How many people died in NYC,What should I do if I start coughing?,How long does the virus survive on a surface like a doorknob?
13,What is the half-life of coronavirus?,Do the virus stay in air?,what is covid-19 ?,What are the most common symptoms of COVID-19?,how to know that somebody have a corona,What are the symptoms,Is Covid19 an airborne? ,"If there are kids around me, do I have to worry if they are infected and I do not know?",-,-,How many cases are in spain ?,How do I know when to get tested?,How many people died in Belgium?,"Iâ€™ve have mild cough and not the continuous one. And symptoms of fever like burning eyes, but not the temperature. What do I do?",How long can the virus stay in the air
14,"What are differences in term of symptoms between the new coronavirus and normal flu, cod",Non,What is COVID-19,How to protect my family from COVID-19?,I have fever 38Â°C. Is that corona virus symptoms?,What are the symptoms,What are the confirmed symptoms of COVID19,What is the estimated population that will be infected by the covid-19 virus?,-,-,how many death now,-,how many people have died,"I have a fever, what should I do now?","How long the sickens last, m"
15,Should I use asprin with I have the coronavirus?,what are the syptoms?,What is Covid-19 virus?),"How can I make sure, I am buying from grocery is safe from COVID-19 ",What is corona virus and COVID19,-,Covid19,Can you get be infected more than once? ,-,-,How many cases in Canada now ? ,-,how many people positive with Covid-19 in the world?,I'm feeling dizzy with fever do I have corona? ,How long does it take an average person to recover?
16,"I was in contact with a person who had coronavirus, what should I do? ",Why Germany has a low death rate?,Why Covid 19?,How about covid situations? ,What the different between corona and COVID_19?,-,-,Does everyone infected need a respirator?,-,-,how many new cases,-,how many people died so far?,how much fever should i tolerate before going to the doctor? ,How long will it take to develop a vaccine ? 
17,how long people live after being infected by coronavirus,how is going,what is covid 19,Is it true that COVID-19 can survive up to a few days on hard surfaces?,What is corona virus?,-,-,Do I have to wear a mask all the time if I am not infected?,-,-,how many case positive with COVID-19 ?,-,Can you die from contracting covid?,-,how long does COVID-19 virus lasts in the body?
18,What is the main symptoms of the disease related to new coronavirus,What kind of medication can I take if I have the virus ?,What is Covid 19,Can COVID-19 stay alive on fresh fruit and vegetables?,Corona virus characteristics,-,-,Can I get infected after I healed from it?,-,-,How many cases of coronavirus in Madagascar,-,how many people related covid-19,-,How long will it take for a vaccine to be produced?
19,what are the symptoms of coronavirus,Will Covid19 go away like the 1918 influenza and SARS did,What is covid-19?,I cough. is it Covid-19?,is there a new form of corona virus?,-,-,How many people are infected in toronto,-,-,-,-,-,-,How long will social distancing measures last?
20,How do I distinguish between the flu and coronavirus?,Are there still flights within Canada?,What is COVID 19,what do you know about COVID-19?,can you please tell me symptoms of corona virus?,-,-,"What are the demographics of people infected, hospitalized and deceased in Quebec, ",-,-,-,-,-,-,How long can the virus live?
21,What should I do if I have Coronavirus symptoms?,Does a throat feel itchy or really sore and a symptom ,About COVID-19,How is covid transmitted?,How many Canadians currently have corona virus?,-,-,Get I get infected from a dog?,-,-,-,-,-,-,How long has the virus been spreading in Canada?
22,what is coronavirus,Precautions to measure? ,What is COVID-19?,I heard hydroxychloroquine is a good treatment for COVID-19. Where can I get it?,Is there a treatment for corona virus?,-,-,Can antibiotics deal with viral infection?,-,-,-,-,-,-,How long does COVID-19 live on glass surfaces?
23,Is the phlegm color suggestive of coronavirus? ,Are we going to have trouble buying milk? ,what is covid-19,age wise statistics for covid-19,what should I do if I think I infected by corona virus?,-,-,Is it possible to be infected again?,-,-,-,-,-,-,How long does it takes to get first symptom of Covid-19 
24,-,Is headache a symptom of this pandemic? ,Do I have covid?,How does COVID-19 affect lungs? And how do you see this pandemic will impact the world's economy?,How long before we have a vaccine for corona? ,-,-,Can I get infected from food or grocery delivery?,-,-,-,-,-,-,How long will the pandemic last?
25,-,How much longer will society need to socially isolate?,What is covid-19?,Is covid very dangerous,What are the symptoms of corona virus,-,-,How do I know if I have been infected?,-,-,-,-,-,-,Is there an estimate as to how long the crisis will last?
26,-,Where are the testing centers located in Mtl?,What is COVID-19?,Is it safe to order food during the COVID-19 pandemic?,What are the symptoms I should feel if I am infected with Corona virus?,-,-,How to take care of infected people ,-,-,-,-,-,-,How long do you think we will have to be in a lockdown 
27,-,mental health,what is covid-19,How Covid-19 started?,How is the corona virus being spread,-,-,"If someone was infected once, can they be reinfected? Can they still carry the virus and infect others?",-,-,-,-,-,-,How long does it take to recover?
28,-,When will the treatment be available for this pandemic?,Covid-19,Does COVID 19 cause stomach issues,Why corona is so dangerous ,-,-,"Does Pneumonia vaccine, which is for a bacterial infections, helps the immune system to deal with the viral infection of Covid-19 more easily? By removing the possibility of bacterial infection and just focusing on viral infection!",-,-,-,-,-,-,"If I have covid-19, how long will I be contagious?"
29,-,How does it spread ?,Whatâ€™s COVID-19?,What are the early symptoms of COVID-19,What is corona,-,-,Can I get the virus from breathing infected airborn particules,-,-,-,-,-,-,How long is this expected to last?
30,-,Chlono,-,How do I know if I have the covid-19,What is corona,-,-,How covid-19 virus infected?,-,-,-,-,-,-,How long do the symptoms of COVID-19 last for?
31,-,Am I allowed to go for a walk?,-,What are the real symptoms of covid-19 ,Is there a vaccine for corona virus?,-,-,From the infected worldwide population what will be the ratio of asymptomatic people,-,-,-,-,-,-,-
32,-,Where can we find ventilator?,-,Can you catch covid 19 after having had it before ,-,-,-,How COVID-19 is infecting?,-,-,-,-,-,-,-
33,-,"As of today, can we gather only 2",-,How can I protect myself from the covid-19?,-,-,-,-,-,-,-,-,-,-,-
34,-,what are the conditions under which people are most likely to develop complications versus those who wonâ€™t?  ,-,Does my neighbour have covid-19 symptoms?,-,-,-,-,-,-,-,-,-,-,-
35,-,What is a vaccin becoming available?,-,Where did COVID-19 come from?,-,-,-,-,-,-,-,-,-,-,-
36,-,Will the largest commercial suppliers in the country be urged to provide necessities for each household for delivery? We have Sobeyâ€™s Loblaw Amazon Walmart and Intelcom who do this today but in an unconcerted way. ,-,What is the origin of COVID-19?,-,-,-,-,-,-,-,-,-,-,-
37,-,Can I get the virus from a stray cat?,-,what is covid-2019,-,-,-,-,-,-,-,-,-,-,-
38,-,Can drinking alcohol helps COVID19? ,-,What is the current COVID-19 confirmed cases trend for Canada?,-,-,-,-,-,-,-,-,-,-,-
39,-,Should I star home and even avoid going to the supermarket and drugstore?,-,What is the nearest hospital to go to if I have a COVID-19?,-,-,-,-,-,-,-,-,-,-,-
40,-,"In the U.S., why has the Defense Production Act not been invoked to allow weekly (?) testing of every single person present in The United States?  Yes, this is on the scale of industrialization of the WW2 era, and yes, that is *exactly* what the Defense Production Act is for.",-,How should I keep my family safe during covid-19?,-,-,-,-,-,-,-,-,-,-,-
41,-,Is the test covered in in CIHIP?,-,Do i have a covid or is it just a cold?,-,-,-,-,-,-,-,-,-,-,-
42,-,What's the point of asking you questions if you don't have answers,-,is covid-19 dangerous,-,-,-,-,-,-,-,-,-,-,-
43,-,why is my dick so big,-,is china responsible for the spreading of COVID-19?,-,-,-,-,-,-,-,-,-,-,-
44,-,Why are death rates so different across countries?,-,What is covid 29,-,-,-,-,-,-,-,-,-,-,-
45,-,I am 43. Whatâ€™s the chance of my survival if I get covid. ,-,My brother has COVID-19. What to do?,-,-,-,-,-,-,-,-,-,-,-
46,-,Where should I go?,-,I think I have COVID,-,-,-,-,-,-,-,-,-,-,-
47,-,Should I wear mask,-,Is COVID-19 air-borne?,-,-,-,-,-,-,-,-,-,-,-
48,-,I have cold for couple of weeks. Have cough over night and regular mucous during day and night. Feel a bit hot but not fever that can be feel. Sometimes ear pain for infection. Some times get stressed on having corona. Does any of these symptoms suggest that? I have quarantined myself for over 10 days  ,-,How does Covid-19 spread?,-,-,-,-,-,-,-,-,-,-,-
49,-,where can I help?,-,treatment for covid 19,-,-,-,-,-,-,-,-,-,-,-
50,-,How often should i take my temperature?,-,What are the covid simptons?,-,-,-,-,-,-,-,-,-,-,-
51,-,What is the advice surrounding outdoor exercise/sport?,-,What do I do if someone with COVID-19 spotted?,-,-,-,-,-,-,-,-,-,-,-
52,-,Will NHS workers be even more isolated because they are exposed to the virus on a daily basis?,-,Does COVID-19 spread by means of gametes?,-,-,-,-,-,-,-,-,-,-,-
53,-,is the grocery open?,-,How can i cure covid-19?,-,-,-,-,-,-,-,-,-,-,-
54,-,Who is at risk?,-,What COVID-19 stands for?,-,-,-,-,-,-,-,-,-,-,-
55,-,is coughing phlem a symptom?,-,"If you contract COVID-19, how do you treat yourself at home?",-,-,-,-,-,-,-,-,-,-,-
56,-,What are the best food to get good immune ,-,List of Canadian hospitals treating (not testing) patients with COVID-19?,-,-,-,-,-,-,-,-,-,-,-
57,-,when is this pandemic going to end?,-,What is the meaning of COVID-19?,-,-,-,-,-,-,-,-,-,-,-
58,-,"How long could the virus stay alive on doorknobs, traffic signal buttons, stair rails?",-,how to prepare for spread of covid 19?,-,-,-,-,-,-,-,-,-,-,-
59,-,I would like clarifications about the fact that test results don't work if you don't have symptoms. That does not seem like a commonality we usually see with tests like this.,-,What are you symtoms of covid? ,-,-,-,-,-,-,-,-,-,-,-
60,-,What are the main synptoms?,-,what treatments are available for covid-19?,-,-,-,-,-,-,-,-,-,-,-
61,-,what is canada's situation right now?,-,Is there more than one strain of COVID-19?,-,-,-,-,-,-,-,-,-,-,-
62,-,how to interact with people,-,What colour is covid 19?,-,-,-,-,-,-,-,-,-,-,-
63,-,When should I visit a doctor?,-,Infomation about covid,-,-,-,-,-,-,-,-,-,-,-
64,-,"Would it help eradicate viruses immediately if we put in place proper healthcare systems throughout every country, rich or poor, and to also have enough health professionals worldwide in place who will immediately recognize if there is a contagious virus in their city to eradicate it before it spreads?",-,How do I know I have covid?,-,-,-,-,-,-,-,-,-,-,-
65,-,Is it safe for seniors to go out for a walk or inside shopping malls which are quite isolated these days?,-,Is it possible to have Covid-19 if you only have one of the symptoms?,-,-,-,-,-,-,-,-,-,-,-
66,-,I have throat ,-,When will covid end? ,-,-,-,-,-,-,-,-,-,-,-
67,-,I worry for my mental health during quarantine,-,What places of laval has covid-19,-,-,-,-,-,-,-,-,-,-,-
68,-,When will the schools reopen?,-,I have a lot of stress regarding COVID-19,-,-,-,-,-,-,-,-,-,-,-
69,-,Is it true that you can get the virus again even after you've recovered ,-,What's a waiting time to get covid-19 results?,-,-,-,-,-,-,-,-,-,-,-
70,-,I think Iâ€™m sick,-,I have a bit of nausea and headache. Do i have covid-19?,-,-,-,-,-,-,-,-,-,-,-
71,-,My  father is 80 years and food is delivered to him daily. Can food containers and food itself be contaminated by COVID,-,Why is called COVID-19,-,-,-,-,-,-,-,-,-,-,-
72,-,When do I expect to hear back from you? ,-,What is most usual symptom of Covid-19 ,-,-,-,-,-,-,-,-,-,-,-
73,-,Does Quebec Health Public System have the capacity to fight this COVID-19 outbreak ?,-,What about the researches with respect to treatment of COVID-19,-,-,-,-,-,-,-,-,-,-,-
74,-,How severe is the virus? ,-,What are the side-effects of hydroxychloroquine for treating COVID-19?,-,-,-,-,-,-,-,-,-,-,-
75,-,When will be done?,-,COVID-19 stands for what?,-,-,-,-,-,-,-,-,-,-,-
76,-,Does temperature has any effect on the virus,-,"Once you are cured from Covid-19, can you catch it again?",-,-,-,-,-,-,-,-,-,-,-
77,-,what are the main symptoms,-,How to prevent the spread of COVID-19?,-,-,-,-,-,-,-,-,-,-,-
78,-,Why is Trudeau asleep?,-,What to do if I think I have covid 19?,-,-,-,-,-,-,-,-,-,-,-
79,-,Will the groceries shut down?,-,"My COVID-19 test results are pending, and my temperature reached 40C. What should I do?",-,-,-,-,-,-,-,-,-,-,-
80,-,Is ACE Inhibitor harmful ,-,What are covid-19 test centres location in Montreal?,-,-,-,-,-,-,-,-,-,-,-
81,-,Do I need to disinfect things I buy like groceries and supplies?,-,"When having covid-19, What are the next possible symptoms for a 4 years old child",-,-,-,-,-,-,-,-,-,-,-
82,-,should I go to the hospital?,-,How long after testing do you receive your COVID-19 results? ,-,-,-,-,-,-,-,-,-,-,-
83,-,Are research fundings going to be cut as a result of the virus?,-,What can we do to protect ourselves from COVID-19?,-,-,-,-,-,-,-,-,-,-,-
84,-,Does a mask actually help if I'm not sick?,-,How dangerous is the COV-19?,-,-,-,-,-,-,-,-,-,-,-
85,-,Will 1 meter distancing safe?,-,How does covid 19 feel ,-,-,-,-,-,-,-,-,-,-,-
86,-,Does taking high doses of vitamin C and D help fighting the disease? As an immune system booster! Is there any study on that?,-,should I worry about covid 19?,-,-,-,-,-,-,-,-,-,-,-
87,-,How to protect myself on a plane,-,-,-,-,-,-,-,-,-,-,-,-,-
88,-,How can I differ between covid and normal flu ?,-,-,-,-,-,-,-,-,-,-,-,-,-
89,-,Will there be any changes in PGWP?,-,-,-,-,-,-,-,-,-,-,-,-,-
90,-,What are the symptoms of SARS-COV-2,-,-,-,-,-,-,-,-,-,-,-,-,-
91,-,Do I have to ask a sclerotic question about traveling or something to get an answer ,-,-,-,-,-,-,-,-,-,-,-,-,-
92,-,what are cov19 symptoms,-,-,-,-,-,-,-,-,-,-,-,-,-
93,-,how to protect myself from it ,-,-,-,-,-,-,-,-,-,-,-,-,-
94,-,what is canada quarantine policy?,-,-,-,-,-,-,-,-,-,-,-,-,-
95,-,My sister-in-law is pregnant and lives in a house with extended family where one member is isolated due to possible contact with someone with COVID-19. Are the risks for pregnant woman Higher? How can she protect?,-,-,-,-,-,-,-,-,-,-,-,-,-
96,-,Will the virus affect my sexual ability ,-,-,-,-,-,-,-,-,-,-,-,-,-
97,-,What have you implemented to help older people who do not know how to use the internet/phone to obtain their groceries and medicine?,-,-,-,-,-,-,-,-,-,-,-,-,-
98,-,When will the cure be available ?,-,-,-,-,-,-,-,-,-,-,-,-,-
99,-,Should I go to the ER or my physician directly if I'm infected?,-,-,-,-,-,-,-,-,-,-,-,-,-
100,-,when will the pandemic end?,-,-,-,-,-,-,-,-,-,-,-,-,-
101,-,How deadly is the virus?,-,-,-,-,-,-,-,-,-,-,-,-,-
102,-,what is this site,-,-,-,-,-,-,-,-,-,-,-,-,-
103,-,Is it useful to wear a mask if we are not sick?,-,-,-,-,-,-,-,-,-,-,-,-,-
104,-,what is social distancing?,-,-,-,-,-,-,-,-,-,-,-,-,-
105,-,"If I'm below the age of 30, will I notice symptoms if I'm sick?",-,-,-,-,-,-,-,-,-,-,-,-,-
106,-,When will this end,-,-,-,-,-,-,-,-,-,-,-,-,-
107,-,Are there any federal or provincial services to help senior citizens get grocery safely?,-,-,-,-,-,-,-,-,-,-,-,-,-
108,-,How long do we need social distanciation for the virus to be less of a threat? ,-,-,-,-,-,-,-,-,-,-,-,-,-
109,-,how many deaths are in Italy as of March 21,-,-,-,-,-,-,-,-,-,-,-,-,-
110,-,"I am having sore throat, cold, cough, temperature is not stable continuously increases and decreases. So Do I need to go for a test?",-,-,-,-,-,-,-,-,-,-,-,-,-
111,-,Whatbare the symptoms,-,-,-,-,-,-,-,-,-,-,-,-,-
112,-,How do I know if my chest is hurt because lung damage or another cause?,-,-,-,-,-,-,-,-,-,-,-,-,-
113,-,What should I do?,-,-,-,-,-,-,-,-,-,-,-,-,-
114,-,I feel heaviness  in my chest nothing else from last 2 week ,-,-,-,-,-,-,-,-,-,-,-,-,-
115,-,How many days can you be contagious without showing symptoms?,-,-,-,-,-,-,-,-,-,-,-,-,-
116,-,Where is the closest testing facility to me?,-,-,-,-,-,-,-,-,-,-,-,-,-
117,-,Can I go for a run? Does running/exercise compromise my immune system? ,-,-,-,-,-,-,-,-,-,-,-,-,-
118,-,where did it start,-,-,-,-,-,-,-,-,-,-,-,-,-
119,-,how are you,-,-,-,-,-,-,-,-,-,-,-,-,-
120,-,When will it be ok to go outside?,-,-,-,-,-,-,-,-,-,-,-,-,-
121,-,What is the number of Covid19 cases in the wold,-,-,-,-,-,-,-,-,-,-,-,-,-
122,-,I need to take a blood test. Is there a large risk for infection?,-,-,-,-,-,-,-,-,-,-,-,-,-
123,-,Are vet clinics still open?,-,-,-,-,-,-,-,-,-,-,-,-,-
124,-,What is the mortality rate?,-,-,-,-,-,-,-,-,-,-,-,-,-
125,-,Will it get better in summer with higher temperatures?,-,-,-,-,-,-,-,-,-,-,-,-,-
126,-, When should I consult after the vomitting symptoms for a 4 y-o child? ,-,-,-,-,-,-,-,-,-,-,-,-,-
127,-,Hypertension ,-,-,-,-,-,-,-,-,-,-,-,-,-
128,-,Could stores open a few hours a week for the elderly? ,-,-,-,-,-,-,-,-,-,-,-,-,-
129,-,if i have symptoms should i go to the ER or should I call a doctor?,-,-,-,-,-,-,-,-,-,-,-,-,-
130,-,How long does the virus stay in paper money and coins?,-,-,-,-,-,-,-,-,-,-,-,-,-
131,-,How effective is the new drug manufactured by Fujifilm Toyama Chemicals in treating COVID-19?,-,-,-,-,-,-,-,-,-,-,-,-,-
132,-,If I fully recover from COVID-19 would I still be considered a carrier and transmit the virus?,-,-,-,-,-,-,-,-,-,-,-,-,-
133,-,Should I take the metro?,-,-,-,-,-,-,-,-,-,-,-,-,-
134,-,Is the virus vulnerable to high temperature?! Does steam cleaning the surfaces and cloths kills the virus?,-,-,-,-,-,-,-,-,-,-,-,-,-
135,-,Is it safe to get a new job that deals with the public?,-,-,-,-,-,-,-,-,-,-,-,-,-
136,-,Can I be contagious even if I don't have symptoms? ,-,-,-,-,-,-,-,-,-,-,-,-,-
137,-,Has the virus evolved,-,-,-,-,-,-,-,-,-,-,-,-,-
138,-,How do we best organize people so that duplicate work is not being done?,-,-,-,-,-,-,-,-,-,-,-,-,-
139,-,How dangerous it is for pregnant womens?,-,-,-,-,-,-,-,-,-,-,-,-,-
140,-,How am I supposed to work while I have two young children at home?,-,-,-,-,-,-,-,-,-,-,-,-,-
141,-,Where do I go if I have mild symptoms?,-,-,-,-,-,-,-,-,-,-,-,-,-
142,-,How many thing you do not understand,-,-,-,-,-,-,-,-,-,-,-,-,-
143,-,"Do we have this epidemic, and many more to come, because we're not taking care of the earth, we're destroying more and more trees, and humans are eating more wild animals that have viruses, per a talk from Alanna Shaikh?",-,-,-,-,-,-,-,-,-,-,-,-,-
144,-,When this will ever end ,-,-,-,-,-,-,-,-,-,-,-,-,-
145,-,waht are thenoptiin to disinfect hands and surfaces other than soap and alcohol,-,-,-,-,-,-,-,-,-,-,-,-,-
146,-,what kind of protective gear do i need to wear?,-,-,-,-,-,-,-,-,-,-,-,-,-
147,-,"My head hurts, my body aches a little and I feel a cold coming. How do I know if this is Covid-19 or just an ordinary cold?",-,-,-,-,-,-,-,-,-,-,-,-,-
148,-,Who is most at risk? ,-,-,-,-,-,-,-,-,-,-,-,-,-
149,-,"If I am starting to breath heavily, should I get it checked out?",-,-,-,-,-,-,-,-,-,-,-,-,-
150,-,what are the risks for someone aged 65?,-,-,-,-,-,-,-,-,-,-,-,-,-
151,-,What precautions should I take with things delivered at home?,-,-,-,-,-,-,-,-,-,-,-,-,-
152,-,Option to run the questions for children ,-,-,-,-,-,-,-,-,-,-,-,-,-
153,-,who needs to be isolated?,-,-,-,-,-,-,-,-,-,-,-,-,-
154,-,Should I not touch my mail?,-,-,-,-,-,-,-,-,-,-,-,-,-
155,-,Is there a different varient of virus which is spreading across the world,-,-,-,-,-,-,-,-,-,-,-,-,-
156,-,How many patients are across the globe? ,-,-,-,-,-,-,-,-,-,-,-,-,-
157,-,How i know that i 'm ill,-,-,-,-,-,-,-,-,-,-,-,-,-
158,-,I am feeling sick ,-,-,-,-,-,-,-,-,-,-,-,-,-
159,-,how old are you?,-,-,-,-,-,-,-,-,-,-,-,-,-
160,-,Isn't the economy impact (and the panic reaction) going to kill more than the virus? It seems the virus only kills 1%... while over 30% of the population might lose their jobs.,-,-,-,-,-,-,-,-,-,-,-,-,-
161,-,Does the  virus stay on clothing?,-,-,-,-,-,-,-,-,-,-,-,-,-
162,-,Do I need to stay away from my family members if we're all social distancing together in the house?,-,-,-,-,-,-,-,-,-,-,-,-,-
163,-,"Hello, I am social distancing and taking precautions, however I have to share a communal sink. I try to stay as safe as possible by cleaning it, but I have touched the knobs with my bare hands without thinking, can germs spread this way? Should I avoid the sink in general? Thank you! ",-,-,-,-,-,-,-,-,-,-,-,-,-
164,-,I have Hashimoto's hypothyroiditis. Am I more at risk? I also had a PE due to Fv-leiden and oral contraceptives in 2001...what do you recommend I do?,-,-,-,-,-,-,-,-,-,-,-,-,-
165,-,What are effective immunity boosters?,-,-,-,-,-,-,-,-,-,-,-,-,-
166,-,What was the total number of deaths before and after the virus?,-,-,-,-,-,-,-,-,-,-,-,-,-
167,-,When should I contact a doctor?,-,-,-,-,-,-,-,-,-,-,-,-,-
168,-,Were there documented cases before January 2020?,-,-,-,-,-,-,-,-,-,-,-,-,-
169,-,How long does the virus remain active and alive after attacking a human body?,-,-,-,-,-,-,-,-,-,-,-,-,-
170,-,Is staying at home mandatory?,-,-,-,-,-,-,-,-,-,-,-,-,-
171,-,What should I do if I start feeling sick with similar symptoms as in covid19?,-,-,-,-,-,-,-,-,-,-,-,-,-
172,-,Is it safe to give blood?,-,-,-,-,-,-,-,-,-,-,-,-,-
173,-,I have a sore throat. What do I do?,-,-,-,-,-,-,-,-,-,-,-,-,-
174,-,What is the risk for a pregnant women?,-,-,-,-,-,-,-,-,-,-,-,-,-
175,-,Can my cat get the virus?,-,-,-,-,-,-,-,-,-,-,-,-,-
176,-,When should I go to the ER?,-,-,-,-,-,-,-,-,-,-,-,-,-
177,-,What is the risk for an asthmatic ?,-,-,-,-,-,-,-,-,-,-,-,-,-
178,-,"I'm hot, what do I do?",-,-,-,-,-,-,-,-,-,-,-,-,-
179,-,Should I be worried about getting sick if the government does not lock down everything?,-,-,-,-,-,-,-,-,-,-,-,-,-
180,-,How fast will the pandemic spread in Canada?,-,-,-,-,-,-,-,-,-,-,-,-,-
181,-,"If I experience symptoms but they are manageable, should I still go to the hospital for testing?",-,-,-,-,-,-,-,-,-,-,-,-,-
182,-,how to prevent ?,-,-,-,-,-,-,-,-,-,-,-,-,-
183,-,what is self monitoring?,-,-,-,-,-,-,-,-,-,-,-,-,-
184,-,can I go outside,-,-,-,-,-,-,-,-,-,-,-,-,-
185,-,What should I use to disinfect grocery bags and grocery items? ,-,-,-,-,-,-,-,-,-,-,-,-,-
186,-,How much it's prevelent in Pakistan?,-,-,-,-,-,-,-,-,-,-,-,-,-
187,-,what is pandemic,-,-,-,-,-,-,-,-,-,-,-,-,-
188,-,"If you recover from the virus, can you still be a carrier ",-,-,-,-,-,-,-,-,-,-,-,-,-
189,-,"if someone had pneumonia before, are they more at risk?",-,-,-,-,-,-,-,-,-,-,-,-,-
190,-,I am in self isolation.   Is it ok to let in family members who must continue to go to work?,-,-,-,-,-,-,-,-,-,-,-,-,-
191,-,what is the risk for a pregnent woman ?,-,-,-,-,-,-,-,-,-,-,-,-,-
192,-,When will life get back to normal?,-,-,-,-,-,-,-,-,-,-,-,-,-
193,-,Will the pandemic affect university research?,-,-,-,-,-,-,-,-,-,-,-,-,-
194,-,"If I have symptoms and I am told to stay home, can I take Tylenol?",-,-,-,-,-,-,-,-,-,-,-,-,-
195,-,Can you get the virus twice ? ,-,-,-,-,-,-,-,-,-,-,-,-,-
196,-,Can you smoke cannabis during Covid?,-,-,-,-,-,-,-,-,-,-,-,-,-
197,-,Will people on LTD (Long Term Disability) drill receive their payments?,-,-,-,-,-,-,-,-,-,-,-,-,-
198,-,Can I run outside,-,-,-,-,-,-,-,-,-,-,-,-,-
199,-,Are there any risk for the foetus? ,-,-,-,-,-,-,-,-,-,-,-,-,-
200,-,"Would it help to ensure there is a warehouse already filled with protective gear for health professionals worldwide, instead of scrambling, or ordering these last minute, and also have enough hospitals built, because if we don't do that, we'll have to do what China did and build a hospital at the last minute?",-,-,-,-,-,-,-,-,-,-,-,-,-
201,-,Can we be contagious when we don't show symptoms?,-,-,-,-,-,-,-,-,-,-,-,-,-
202,-,When will we be back to work?,-,-,-,-,-,-,-,-,-,-,-,-,-
203,-,What is self-isolation?,-,-,-,-,-,-,-,-,-,-,-,-,-
204,-,I recently relocated to Quebec. Can I request RAMQ card with visiting the RAMQ office?,-,-,-,-,-,-,-,-,-,-,-,-,-
205,-,"In this time of crisis, is it okay to feed the raccoons",-,-,-,-,-,-,-,-,-,-,-,-,-
206,-,Do I need to wash my vegetables and fruits?,-,-,-,-,-,-,-,-,-,-,-,-,-
207,-,Doeas the software is automatic in English because I use an English device? If I ask in French the answer will be in French?,-,-,-,-,-,-,-,-,-,-,-,-,-
208,-,WHat is your name,-,-,-,-,-,-,-,-,-,-,-,-,-
209,-,When will the pandemic end? ,-,-,-,-,-,-,-,-,-,-,-,-,-
210,-,What to do when i gave cough,-,-,-,-,-,-,-,-,-,-,-,-,-
211,-,How are you?,-,-,-,-,-,-,-,-,-,-,-,-,-
212,-,Number of cases in Inida,-,-,-,-,-,-,-,-,-,-,-,-,-
213,-,How did this virus transmit?,-,-,-,-,-,-,-,-,-,-,-,-,-
214,-,Is it ok to go outside to get fresh air?,-,-,-,-,-,-,-,-,-,-,-,-,-
215,-,What's happen for country near the Ecuador with a lot of hot? ,-,-,-,-,-,-,-,-,-,-,-,-,-
216,-,"On a recent study published in ""Nature"" ,it says that the severity of symptoms of COVID-19 infection depends on how much is your Angiotensin converting enzyme 2 gene is expressed ,my question is ,on what factors does the rate of ACE2 gene expression depends? I",-,-,-,-,-,-,-,-,-,-,-,-,-
217,-,"im sneezing, should i be worried?",-,-,-,-,-,-,-,-,-,-,-,-,-
218,-,Do the symptoms start suddenly or they progress slowly from one day to another? ,-,-,-,-,-,-,-,-,-,-,-,-,-
219,-,what is self isolation?,-,-,-,-,-,-,-,-,-,-,-,-,-
220,-,Do I need to be seen by a doctor,-,-,-,-,-,-,-,-,-,-,-,-,-
221,-,If I inhale a high concentration of soap bubbles would that kill the virus on contact in my lungs?,-,-,-,-,-,-,-,-,-,-,-,-,-
222,-,Can I fo,-,-,-,-,-,-,-,-,-,-,-,-,-
223,-,"What measures can I take, if someone I know is effected with the virus",-,-,-,-,-,-,-,-,-,-,-,-,-
224,-,What is your name,-,-,-,-,-,-,-,-,-,-,-,-,-
225,-,"If I catch the virus, will I be immune from getting it again?   ",-,-,-,-,-,-,-,-,-,-,-,-,-
226,-,what is my level of risk?,-,-,-,-,-,-,-,-,-,-,-,-,-
227,-,What will be th impact on international students?,-,-,-,-,-,-,-,-,-,-,-,-,-
228,-,Can I go out after recovery even if I am still in quarantine time?,-,-,-,-,-,-,-,-,-,-,-,-,-
229,-,Would using heated-vapor humidifier help with sanitizing the sinuses of the covid-19?,-,-,-,-,-,-,-,-,-,-,-,-,-
230,-,Shall we stay where we are or travel to our home country?,-,-,-,-,-,-,-,-,-,-,-,-,-
231,-,"Why does the government think that we don't need to wear face masks when clearly citizens from countries that are able to contain the virus are all wearing face masks, regardless if they are sick or not",-,-,-,-,-,-,-,-,-,-,-,-,-
232,-,What is the situation right now in the world?,-,-,-,-,-,-,-,-,-,-,-,-,-
233,-,Define covid 18,-,-,-,-,-,-,-,-,-,-,-,-,-
234,-,What's the current count in India,-,-,-,-,-,-,-,-,-,-,-,-,-
235,-,Why didn't you answer my first question?,-,-,-,-,-,-,-,-,-,-,-,-,-
236,-,"What is the difference between a pandemic & epidemic? Why did WHO declare this a pandemic? What is the difference between social distancing, self-isolating and quarantine? To what extent is social distancing helpful? Why should I do this? When should you self-isolate? Will the virus be less effective when we get warmer weather?  When should I go to the hospital? Should I get tested if I was in contact with someone who has or is suspected of having covid19 (but do not have any symptoms)? Should I stop taking medications that suppress my immune system?  When someone in the household is coming and going (for work), how can we keep the home a safe place? Can the virus be transmitted through Air Conditioning? (from outside or from within the home) How long does the virus last on inanimate objects (plastic, glass, cardboard, metal)? What have we learned from countries like China, South Korea and Singapore that have been dealing with this for a longer period of time and have slowed the spread?",-,-,-,-,-,-,-,-,-,-,-,-,-
237,-,How do i knew if i got covid,-,-,-,-,-,-,-,-,-,-,-,-,-
238,-,Does soap really kill the virus?,-,-,-,-,-,-,-,-,-,-,-,-,-
239,-,My son is flying from Kansas to England on the 30th April. He is flying into Heathrow and then travelling home to Manchester by train,-,-,-,-,-,-,-,-,-,-,-,-,-
240,-,What do I have to expect after the disease?,-,-,-,-,-,-,-,-,-,-,-,-,-
241,-,What is an Asymptomatic Carrier?,-,-,-,-,-,-,-,-,-,-,-,-,-
242,-,"What are the daily death rates in Italy, that are Not from COVID19?",-,-,-,-,-,-,-,-,-,-,-,-,-
243,-,When should I go to the hospital ,-,-,-,-,-,-,-,-,-,-,-,-,-
244,-,Is there any medication to take to help?,-,-,-,-,-,-,-,-,-,-,-,-,-
245,-,I have a headache for the past 3 days should I be tested ? ,-,-,-,-,-,-,-,-,-,-,-,-,-
246,-,hat should I do if my 2 year old child starts having a runny nose?,-,-,-,-,-,-,-,-,-,-,-,-,-
247,-,Is it safe to go outside for a walk (social distancing from others)?,-,-,-,-,-,-,-,-,-,-,-,-,-
248,-,Which are its first symptoms?,-,-,-,-,-,-,-,-,-,-,-,-,-
249,-,What should i do if i am short of breath?,-,-,-,-,-,-,-,-,-,-,-,-,-
250,-,"If my son if suppose to get tested tomorrow, but just starting to feel better. Can I cancel or should we still go?",-,-,-,-,-,-,-,-,-,-,-,-,-
251,-,When will the municipalities post heat maps to identify hot spots for Covid positive residents?,-,-,-,-,-,-,-,-,-,-,-,-,-
252,-,Is sore throats a symptom ,-,-,-,-,-,-,-,-,-,-,-,-,-
253,-,Have there been any deceased children so far?,-,-,-,-,-,-,-,-,-,-,-,-,-
254,-,Should I use Sudafed?,-,-,-,-,-,-,-,-,-,-,-,-,-
255,-,From the infected worldwide population what is the ratio that will need medical attention (eg. ICU or ventilators)?,-,-,-,-,-,-,-,-,-,-,-,-,-
256,-,When this virus terminated?,-,-,-,-,-,-,-,-,-,-,-,-,-
257,-,Suffering from trout echiting,-,-,-,-,-,-,-,-,-,-,-,-,-
258,-,i have some headeche,-,-,-,-,-,-,-,-,-,-,-,-,-
259,-,It would possible to predict the time of this pandemic?,-,-,-,-,-,-,-,-,-,-,-,-,-
260,-,What the size,-,-,-,-,-,-,-,-,-,-,-,-,-
261,-,Is the virus deadly?,-,-,-,-,-,-,-,-,-,-,-,-,-
262,-,"If I'm in self-quarantine with mild symptoms of some sort of respiratory thing, when can I stop self-quarantining?",-,-,-,-,-,-,-,-,-,-,-,-,-
263,-,I had a bronchitis last month and I'm still having trouble with my breathing a month later but I don't have a fever. Could it be corona virus?,-,-,-,-,-,-,-,-,-,-,-,-,-
264,-,what are the symtoms,-,-,-,-,-,-,-,-,-,-,-,-,-
265,-,Is it dangerous to go for a walk?,-,-,-,-,-,-,-,-,-,-,-,-,-
266,-,is the liquor store open?,-,-,-,-,-,-,-,-,-,-,-,-,-
267,-,Mortality rate today,-,-,-,-,-,-,-,-,-,-,-,-,-
268,-,Does washing clothes in the  washing machine prevent transmission ? ,-,-,-,-,-,-,-,-,-,-,-,-,-
269,-,When will it stop spreading? Is 2 weeks enough? ,-,-,-,-,-,-,-,-,-,-,-,-,-
270,-,How are you ,-,-,-,-,-,-,-,-,-,-,-,-,-
271,-,Sorry I het enter before I was done.. am I just being paranoid and giving myself an ulcer.. my husband has pulmonary fibrosis so Iâ€™m really worried about him ,-,-,-,-,-,-,-,-,-,-,-,-,-
272,-,Is the virus airborne ,-,-,-,-,-,-,-,-,-,-,-,-,-
273,-,"If this is really deep learning, how deep is your modelðŸ˜‚",-,-,-,-,-,-,-,-,-,-,-,-,-
274,-,Does the amount of virus one is exposed to change the severity of the symptoms?,-,-,-,-,-,-,-,-,-,-,-,-,-
275,-,what has caused it,-,-,-,-,-,-,-,-,-,-,-,-,-
276,-,Is it transmissible through anal sex ?,-,-,-,-,-,-,-,-,-,-,-,-,-
277,-,Should I be moving house during a pandemic?,-,-,-,-,-,-,-,-,-,-,-,-,-
278,-,when will germany reach the peak?,-,-,-,-,-,-,-,-,-,-,-,-,-
279,-,Should I visit my parents in a seniors home?,-,-,-,-,-,-,-,-,-,-,-,-,-
280,-,Impacts of it,-,-,-,-,-,-,-,-,-,-,-,-,-
281,-,how can one fight the virus ,-,-,-,-,-,-,-,-,-,-,-,-,-
282,-,How many will lose their jobs due to the chinese virus?,-,-,-,-,-,-,-,-,-,-,-,-,-
283,-,Is ordering food from a restaurant discouraged?,-,-,-,-,-,-,-,-,-,-,-,-,-
284,-,Can I still go out for grocery shopping even if I'm just getting back from vacations,-,-,-,-,-,-,-,-,-,-,-,-,-
285,-,What's the capital of Palestine?,-,-,-,-,-,-,-,-,-,-,-,-,-
286,-,What is the total number of deaths ,-,-,-,-,-,-,-,-,-,-,-,-,-
287,-,What should I buy from the stores now that I feel sick?,-,-,-,-,-,-,-,-,-,-,-,-,-
288,-,When is the vaccine available ?,-,-,-,-,-,-,-,-,-,-,-,-,-
289,-,When can I go to my cabin?,-,-,-,-,-,-,-,-,-,-,-,-,-
290,-,What is the difference between a bacteria and a virus?,-,-,-,-,-,-,-,-,-,-,-,-,-
291,-,is it made by human or by nature,-,-,-,-,-,-,-,-,-,-,-,-,-
292,-,How does it take to recover from the virus?,-,-,-,-,-,-,-,-,-,-,-,-,-
293,-,"If I was traveling abroad recently, what should I do when coming back home?",-,-,-,-,-,-,-,-,-,-,-,-,-
294,-,"To get an idea of how widespread the virus is, why don't we simply test a random sample of people?",-,-,-,-,-,-,-,-,-,-,-,-,-
295,-,How deadly is the virus?,-,-,-,-,-,-,-,-,-,-,-,-,-
296,-,How is it transmitted?,-,-,-,-,-,-,-,-,-,-,-,-,-
297,-,How many days does it take to see the symptoms,-,-,-,-,-,-,-,-,-,-,-,-,-
298,-,What is the situation now in my country?,-,-,-,-,-,-,-,-,-,-,-,-,-
299,-,I have asthma. How at risk am I about the possibility of complications?,-,-,-,-,-,-,-,-,-,-,-,-,-
300,-,My employer is not implementing social distancing or safety measures in my workplace. What recourse do I have?,-,-,-,-,-,-,-,-,-,-,-,-,-
301,-,Can you see friends if you stick to the social distancing guidelines?,-,-,-,-,-,-,-,-,-,-,-,-,-
302,-,How much the quarantine process has a positive impact on reducing contamination spread?,-,-,-,-,-,-,-,-,-,-,-,-,-
303,-,What should you do if you dont have water and soap and sanitizer?,-,-,-,-,-,-,-,-,-,-,-,-,-
304,-,Does covid transfer through air?,-,-,-,-,-,-,-,-,-,-,-,-,-
305,-,how i can test if i have the diease?,-,-,-,-,-,-,-,-,-,-,-,-,-
306,-,Does Wearing gloves help?,-,-,-,-,-,-,-,-,-,-,-,-,-
307,-,I am feeling itchy around my body. Is it a symptom of covid? ,-,-,-,-,-,-,-,-,-,-,-,-,-
308,-,If I have diabetes am I at a higher risk? ,-,-,-,-,-,-,-,-,-,-,-,-,-
309,-,is it dangerous to travel,-,-,-,-,-,-,-,-,-,-,-,-,-
310,-,Can I move in with family if we have all been symptom free for 14 days?,-,-,-,-,-,-,-,-,-,-,-,-,-
311,-,"should I call to find out more, itâ€™s the coughing and difficulty breathing and fatigue that worries me",-,-,-,-,-,-,-,-,-,-,-,-,-
312,-,How contagious is the virus?,-,-,-,-,-,-,-,-,-,-,-,-,-
313,-,what is this rainbow thing that people are talking about,-,-,-,-,-,-,-,-,-,-,-,-,-
314,-,could we have done better?,-,-,-,-,-,-,-,-,-,-,-,-,-
315,-,What is the death rate in South Carolina?,-,-,-,-,-,-,-,-,-,-,-,-,-
316,-,I have a sore throat. Is that a sign of Covid19?,-,-,-,-,-,-,-,-,-,-,-,-,-
317,-,Is it safe to take a walk outside with my child?,-,-,-,-,-,-,-,-,-,-,-,-,-
318,-,What is the likelihood of having covid if only showing one symptoms for example dry cough,-,-,-,-,-,-,-,-,-,-,-,-,-
319,-,Can I get Ovid 19 if someone pets my dog and then I pet her? ,-,-,-,-,-,-,-,-,-,-,-,-,-
320,-,How to stay safe,-,-,-,-,-,-,-,-,-,-,-,-,-
321,-,how painful will it be if I got the virus?,-,-,-,-,-,-,-,-,-,-,-,-,-
322,-,Should I stay home?,-,-,-,-,-,-,-,-,-,-,-,-,-
323,-,How can I protect myself ,-,-,-,-,-,-,-,-,-,-,-,-,-
324,-,Does eating Oranges daily help to fight this virus,-,-,-,-,-,-,-,-,-,-,-,-,-
325,-,If you start showing flu symptoms should you consult a doctor or stay home?,-,-,-,-,-,-,-,-,-,-,-,-,-
326,-,What are the top symptoms ,-,-,-,-,-,-,-,-,-,-,-,-,-
327,-,"If I cross someone on the street, how are the chance to catch the virus ?",-,-,-,-,-,-,-,-,-,-,-,-,-
