,cluster_#0,cluster_#1,cluster_#2,cluster_#3,cluster_#4,cluster_#5,cluster_#6,cluster_#7,cluster_#8,cluster_#9,cluster_#10,cluster_#11,cluster_#12,cluster_#13,cluster_#14,cluster_#15,cluster_#16,cluster_#17,cluster_#18,cluster_#19,cluster_#20,cluster_#21,cluster_#22,cluster_#23,cluster_#24,cluster_#25,cluster_#26,cluster_#27,cluster_#28,cluster_#29,cluster_#30,cluster_#31,cluster_#32,cluster_#33,cluster_#34,cluster_#35,cluster_#36,cluster_#37,cluster_#38,cluster_#39,cluster_#40,cluster_#41,cluster_#42,cluster_#43,cluster_#44,cluster_#45,cluster_#46,cluster_#47,cluster_#48,cluster_#49,cluster_#50,cluster_#51,cluster_#52,cluster_#53,cluster_#54,cluster_#55,cluster_#56,cluster_#57,cluster_#58,cluster_#59,cluster_#60
Count,9,9,180,12,7,18,9,6,4,9,10,18,14,4,7,12,48,16,15,21,2,12,7,4,11,6,10,5,4,2,2,4,7,3,15,12,12,6,26,2,22,2,5,7,5,1,7,2,1,1,2,6,1,8,3,5,1,1,1,7,18
0,"If Iâ€™m sneezing, should I get tested for corona virus?",What is the incubation time of the virus?,What are the synthoms?,what are the symptoms of COVID-19?,How long can the covid-19 survive outside the body,Are we going to have trouble buying milk? ,How many people have dies,who is at risk of dying after contracting the virus?,How long does it last? ,How many confirmed cases in Ontario now?,Does the virus spread by rain?,How to protect my family from COVID-19?,How long before symptoms start to show? ,may I know what is corona?,Is there a vaccine for corona virus?,what is the death rate of the new corona virus,What is the impact that covid-19 has in the economy?,How do I treat coronavirus?,How's the shortness of breath?,Does a throat feel itchy or really sore and a symptom ,How long are you contagious if you have Coronavirus?,covid19 symptons?,I think I have a fever. What do I do?,Symptoms of corona,I have cough. Does that mean I might be infected?,Where should I be tested ?,how many deaths are in Italy as of March 21,how can I prevent to get infected?,what do you know about COVID-19?,How does it spread ?,How covid-19 virus infected?,What are the symptoms of the covid19?,I'd love to know how long I can be contagious?,how is covid 19 spread?,what are the symptoms,"How long could the virus stay alive on doorknobs, traffic signal buttons, stair rails?",when covid 19 is going to stop?,What's covid19?,Will the heat of the summer help fighting the virus?,what should I do if I think I infected by corona virus?,what is covid-19,what are the symptoms of coronavirus,When should I go to the hospital?,What are the symptoms of vivid 19?,Which country infected ? ,What is corona virus and COVID19,Does covid-19 test anonymous?,How do I know if I haver coronavirus?,How is the corona virus being spread,How do I know if I have been infected?,What is coronavirus ?,How many infected person in south korea?,How do I know when to get tested?,How many cases in Quebec? ,Does the fever persists in corona ,how many people positive result with COVID-19,How do people get infected with Coronavirus?,is fever a symptom of coronavirus? ,What is Covid-19 virus?),What is the covid?,Where are the testing centers located in Mtl?
1,Can I get the virus from a stray cat?,Is the virus infectious during incubation period?,What mesures needs to take a pregnant women to reduce the risk?,Symptoms of Covid ,how long does COVID-19 virus lasts in the body?,Should I star home and even avoid going to the supermarket and drugstore?,how many people died?,how to interact with people,How long does it last once infected ?,how many cases are there in Washington state,Will social distancing slow the spread of covid-19?,I cough. is it Covid-19?,How long am I infectious for,How do I know if I have the corona virus,Why is it called Corona virus?,"Hello, what happens after corona?",Can the Covid survive in the air?,Is it true that warm kills Coronavirus?,I have cold for couple of weeks. Have cough over night and regular mucous during day and night. Feel a bit hot but not fever that can be feel. Sometimes ear pain for infection. Some times get stressed on having corona. Does any of these symptoms suggest that? I have quarantined myself for over 10 days  ,Is headache a symptom of this pandemic? ,how long people live after being infected by coronavirus,Will Covid19 go away like the 1918 influenza and SARS did,I have fever what I should do,What are the symptoms of Corona?,What is the current situation of COVID-19 infections?,Where can I get tested?,How many days can you be contagious without showing symptoms?,Can you get be infected more than once? ,How do I know if I have the covid-19,How long has the virus been spreading in Canada?,How COVID-19 is infecting?,What are the symptoms of covid19,What have you implemented to help older people who do not know how to use the internet/phone to obtain their groceries and medicine?,How does COVID-19 spread?,What are the symptoms,How long do we need social distanciation for the virus to be less of a threat? ,Am I allowed to go for a walk?,What is Covid19,Do we see a future where this virus won't be such a threat anymore? ,What are the symptoms I should feel if I am infected with Corona virus?,What is Covid-19?,What should I do if I have Coronavirus symptoms?,how is going,What are the most common symptoms of COVID-19?,Am I infected,-,which hospital takes the test for covid 19?,How do I know if I have the flu or coronavirus,-,-,what is coronavirus,How many people are infected in Lithuania?,-,How many cases in Montreal?,I have fever 38Â°C. Is that corona virus symptoms?,how many people in America?,-,-,-,What is covid,Is the test covered in in CIHIP?
2,Is it true that you can get the virus again even after you've recovered ,What is the incubation time of covid-19 by age,Do you think Taiwan is good?,What are the symptoms of Covid-19?,How long does COVID-19 live on glass surfaces?,Is it safe for seniors to go out for a walk or inside shopping malls which are quite isolated these days?,How does it die in asymptomatic people?,What is the probability of dying?,How long will it last?,How many COVID-19 related deaths have there been in Montreal?,Is there a different varient of virus which is spreading across the world,How Covid-19 started?,How long until an infected person shows symptoms?,how to know if i have corona,What is corona virus?,Whats corona,Is itchy throat sign of covid 19,Is it true that warm kills Coronavirus?,is coughing phlem a symptom?,what are the main symptoms,-,Can drinking alcohol helps COVID19? ,"Must the fever-symptom related to COVID-19 be a continuous fever, or is it possible that the fever is short-lived?",What are the symptoms of corona virus,What do I do if I suspect I'm infected?,where can I test for covid,How many thing you do not understand,Can I get infected after I healed from it?,How do I know I have covid?,-,-,What are the symptoms of covid19?,How do I know if my chest is hurt because lung damage or another cause?,How does Covid-19 spread?,what are the symptoms,How long does the virus live on clothes?,when is this pandemic going to end?,What's covid19? ,Do the virus stay in air?,-,What is the COVID-19?,-,Where should I go?,What are the early symptoms of COVID-19,Which country infected ? ,-,I heard hydroxychloroquine is a good treatment for COVID-19. Where can I get it?,-,-,-,-,How many people are infected in toronto,-,How many cases in Montreal,I'm feeling dizzy with fever do I have corona? ,How many people have it in my town?,-,-,-,What is covid?,I am 43. Whatâ€™s the chance of my survival if I get covid. 
3,Can my cat get the virus?,What is the incubation period for COVID-19?,Is the Asymptomatic Carrier a temporary status? ,What is the covid-19 symptoms? ,How long does it takes to get first symptom of Covid-19 ,Are research fundings going to be cut as a result of the virus?,how many people have died in the US?,Can I die from Covid-19?,How long will the pandemic last?,How many cases of covid in laval,How fast will the pandemic spread in Canada?,Can you catch covid 19 after having had it before ,How long is the treatment?,how to know that somebody have a corona,Is there a treatment for corona virus?,how much does corona virus stay on each kind of surfaces?,if my tempreture is over 39 can i assume that i have covid-19 ?,"I think I have coronavirus, should I go to the emergency",Is fever the main symptom for vivid-19,What are the symptoms of SARS-COV-2,-,How can I make the difference between a cold and covid19?,Is a cough but no fever a symptom?,What are the symptoms of corona virus,Can this virus infect me in an airborne fashion?,Where do we get the test for COVID-19?,How many patients are across the globe? ,Get I get infected from a dog?,How to know if I get COVID-19 or not?,-,-,What are the Symptom for covid19,"My head hurts, my body aches a little and I feel a cold coming. How do I know if this is Covid-19 or just an ordinary cold?",-,What are the symptoms ,How long does the virus stay in paper money and coins?,When will it be ok to go outside?,What's covid19,What kind of medication can I take if I have the virus ?,-,what's is COVID-19?,-,should I go to the hospital?,What are the real symptoms of covid-19 ,What should I do if i think that i'm infected ?,-,List of Canadian hospitals treating (not testing) patients with COVID-19?,-,-,-,-,"What are the demographics of people infected, hospitalized and deceased in Quebec, ",-,How many case in montreal,-,how many people positive with Covid-19 in the world?,-,-,-,What is covid,What are the best food to get good immune 
4,Can you get the virus twice ? ,Whatâ€™s the incubation period? ,What is it,What are the symptoms of COVID-19?,"If I have covid-19, how long will I be contagious?",Should I go to the ER or my physician directly if I'm infected?,how many people die for cover?,What are the risks for people with diabetes? ,-,How many death in Quebec?,is china responsible for the spreading of COVID-19?,How can I protect myself from the covid-19?,How long does it take to recover?,-,What is corona,What shall I do if I have to go out to buy things to protect myself from corona virus?,Impact of covid,Will high temperature kill coronavirus?,What if I have cough ?,what are cov19 symptoms,-,Can you explain to me what is the covid19?,I am coughing but I don't have fever. Could I have covid-19?,-,What is the estimated population that will be infected by the covid-19 virus?,Were can I get tested? ,What is the current COVID-19 confirmed cases trend for Canada?,Can I get infected from food or grocery delivery?,-,-,-,-,How i know that i 'm ill,-,What are the symptoms,How long does the virus remain active and alive after attacking a human body?,if i have symptoms should i go to the ER or should I call a doctor?,What is covid19?,Will NHS workers be even more isolated because they are exposed to the virus on a daily basis?,-,Covid-19,-,When should I go to the hospital ,Does my neighbour have covid-19 symptoms?,Is it possible to be infected again?,-,What's a waiting time to get covid-19 results?,-,-,-,-,How to take care of infected people ,-,How many cases in Montreal ,-,how many people related covid-19,-,-,-,Covid?,I would like clarifications about the fact that test results don't work if you don't have symptoms. That does not seem like a commonality we usually see with tests like this.
5,"I would like to get COVID19 test, where can I get it?",What is the period of incubation?,How to avoid exposure?,what are the symptoms of covid-19,How long after testing do you receive your COVID-19 results? ,"I am having sore throat, cold, cough, temperature is not stable continuously increases and decreases. So Do I need to go for a test?",How many people died in NYC,Can you die from contracting covid?,-,How many cases are in spain ?,Does COVID-19 spread by means of gametes?,Where did COVID-19 come from?,"How long the sickens last, m",-,What is corona,What the different between corona and COVID_19?,Will herd immunity be the only means of eradicating COVID-19?,what are the main symptoms of coronavirus,"i am coughing, what should i do?","If I'm below the age of 30, will I notice symptoms if I'm sick?",-,What is the number of Covid19 cases in the wold,What should I do if I have fever?,-,Does everyone infected need a respirator?,where can I get tested,Were there documented cases before January 2020?,-,-,-,-,-,"If there are kids around me, do I have to worry if they are infected and I do not know?",-,Symptoms,how long would it take for the virus to disappear ? ,Where do I go if I have mild symptoms?,Covid19,How severe is the virus? ,-,What is covid 19?,-,-,Is it possible to have Covid-19 if you only have one of the symptoms?,-,-,"My COVID-19 test results are pending, and my temperature reached 40C. What should I do?",-,-,-,-,From the infected worldwide population what will be the ratio of asymptomatic people,-,How many cases in Quebec ,-,-,-,-,-,What is covid,Do I have to ask a sclerotic question about traveling or something to get an answer 
6,How can I get help?,What is the incubation period? ,South korea,What are the symptoms of COVID-19?,How long do the symptoms of COVID-19 last for?,Can I go for a run? Does running/exercise compromise my immune system? ,How many people died in Belgium?,-,-,how many death now,how to prepare for spread of covid 19?,is covid-19 dangerous,How long does it take an average person to recover?,-,Is there a vaccine for corona virus?,Corona virus characteristics,How does COVID-19 kill its victims?,Can anti-viral drugs be used to treat the coronavirus?,What to do when i gave cough,Whatbare the symptoms,-,What should I do if I start feeling sick with similar symptoms as in covid19?,"I have a fever, what should I do now?",-,Do I have to wear a mask all the time if I am not infected?,-,How many days should I isolate for,-,-,-,-,-,"What measures can I take, if someone I know is effected with the virus",-,Symptom,How long will I be sick if I get the virus,What is the nearest hospital to go to if I have a COVID-19?,-,Does temperature has any effect on the virus,-,What is COVID 19?,-,-,What is most usual symptom of Covid-19 ,-,-,What are covid-19 test centres location in Montreal?,-,-,-,-,-,-,How many cases in Canada now ? ,-,-,-,-,-,Do I have covid?,Are there any federal or provincial services to help senior citizens get grocery safely?
7,"If I catch the virus, will I be immune from getting it again?   ",How long is incubation period? ,What is,What are the symptoms of Covid-19?,-,Isn't the economy impact (and the panic reaction) going to kill more than the virus? It seems the virus only kills 1%... while over 30% of the population might lose their jobs.,how many people have died,-,-,how many case positive with COVID-19 ?,When will it stop spreading? Is 2 weeks enough? ,I think I have COVID,How long will it take to develop a vaccine ? ,-,-,is there a new form of corona virus?,"How can I make sure, I am buying from grocery is safe from COVID-19 ",How to differentiate between coronavirus and simple flu?,I have shortness of breath but no fever, When should I consult after the vomitting symptoms for a 4 y-o child? ,-,Who can I make the difference between a cold and covid19?,-,-,Can antibiotics deal with viral infection?,-,In how many days can covid be cured? ,-,-,-,-,-,-,-,What do I do if I have symptoms?,How long does the virus survive on a surface like a doorknob?,When should I go to the ER?,-,Will the virus affect my sexual ability ,-,what is covid-19 ?,-,-,-,-,-,-,-,-,-,-,-,-,how many new cases,-,-,-,-,-,-,Where is the closest testing facility to me?
8,"if i think i have it, should i got get tested",How long does this virus incubate? ,Non,symptoms of covid-19,-,"If I experience symptoms but they are manageable, should I still go to the hospital for testing?",how many people died so far?,-,-,How many cases of coronavirus in Madagascar,How to prevent the spread of COVID-19?,treatment for covid 19,How long will it take for a vaccine to be produced?,-,-,can you please tell me symptoms of corona virus?,How about covid situations? ,What's the difference between COVID-19 and CoronaVirus?,What should I do if I start coughing?,Can I be contagious even if I don't have symptoms? ,-,"What are the daily death rates in Italy, that are Not from COVID19?",-,-,"If someone was infected once, can they be reinfected? Can they still carry the virus and infect others?",-,Number of cases in Inida,-,-,-,-,-,-,-,What are symptoms ,How long can the virus stay in the air,can I go outside,-,How deadly is the virus?,-,What is COVID-19,-,-,-,-,-,-,-,-,-,-,-,-,-,-,-,-,-,-,-,I need to take a blood test. Is there a large risk for infection?
9,-,-,what are the syptoms?,what are covid-19 symptoms?,-,I am in self isolation.   Is it ok to let in family members who must continue to go to work?,-,-,-,-,How much the quarantine process has a positive impact on reducing contamination spread?,How can i cure covid-19?,How long will social distancing measures last?,-,-,How many Canadians currently have corona virus?,Is it true that COVID-19 can survive up to a few days on hard surfaces?,What is the half-life of coronavirus?,"Iâ€™ve have mild cough and not the continuous one. And symptoms of fever like burning eyes, but not the temperature. What do I do?","If I have symptoms and I am told to stay home, can I take Tylenol?",-,Is Covid19 an airborne? ,-,-,"Does Pneumonia vaccine, which is for a bacterial infections, helps the immune system to deal with the viral infection of Covid-19 more easily? By removing the possibility of bacterial infection and just focusing on viral infection!",-,How many days does it take to see the symptoms,-,-,-,-,-,-,-,What are the Symptome ,How long can the virus live?,Is it safe to go outside for a walk (social distancing from others)?,-,If I fully recover from COVID-19 would I still be considered a carrier and transmit the virus?,-,Why Covid 19?,-,-,-,-,-,-,-,-,-,-,-,-,-,-,-,-,-,-,-,Will it get better in summer with higher temperatures?
10,-,-,Why Germany has a low death rate?,what are covid symptoms,-,Can I run outside,-,-,-,-,-,What COVID-19 stands for?,Is there an estimate as to how long the crisis will last?,-,-,How long before we have a vaccine for corona? ,Can COVID-19 stay alive on fresh fruit and vegetables?,"What are differences in term of symptoms between the new coronavirus and normal flu, cod",What should i do if i am short of breath?,Can we be contagious when we don't show symptoms?,-,What are the confirmed symptoms of COVID19,-,-,Can I get the virus from breathing infected airborn particules,-,-,-,-,-,-,-,-,-,Symptom,How does it take to recover from the virus?,Is it dangerous to go for a walk?,-,Is the virus vulnerable to high temperature?! Does steam cleaning the surfaces and cloths kills the virus?,-,what is covid 19,-,-,-,-,-,-,-,-,-,-,-,-,-,-,-,-,-,-,-,Is it safe to get a new job that deals with the public?
11,-,-,Are there still flights within Canada?,What are the symptoms of COVID-19,-,Is it ok to go outside to get fresh air?,-,-,-,-,-,What is the meaning of COVID-19?,How long do you think we will have to be in a lockdown ,-,-,Why corona is so dangerous ,Does Quebec Health Public System have the capacity to fight this COVID-19 outbreak ?,Should I use asprin with I have the coronavirus?,I had a bronchitis last month and I'm still having trouble with my breathing a month later but I don't have a fever. Could it be corona virus?,Do the symptoms start suddenly or they progress slowly from one day to another? ,-,I have a sore throat. Is that a sign of Covid19?,-,-,-,-,-,-,-,-,-,-,-,-,what is the symptoms?,How contagious is the virus?,When can I go to my cabin?,-,Has the virus evolved,-,What is Covid 19,-,-,-,-,-,-,-,-,-,-,-,-,-,-,-,-,-,-,-,"If I am starting to breath heavily, should I get it checked out?"
12,-,-,Precautions to measure? ,-,-,Can I go out after recovery even if I am still in quarantine time?,-,-,-,-,-,Why is called COVID-19,How long does it take to recover?,-,-,-,How is covid transmitted?,"I was in contact with a person who had coronavirus, what should I do? ",how much fever should i tolerate before going to the doctor? ,Which are its first symptoms?,-,-,-,-,-,-,-,-,-,-,-,-,-,-,What are the symptoms?,-,-,-,Does the  virus stay on clothing?,-,What is covid-19?,-,-,-,-,-,-,-,-,-,-,-,-,-,-,-,-,-,-,-,Should I be worried about getting sick if the government does not lock down everything?
13,-,-,How much longer will society need to socially isolate?,-,-,"What is the difference between a pandemic & epidemic? Why did WHO declare this a pandemic? What is the difference between social distancing, self-isolating and quarantine? To what extent is social distancing helpful? Why should I do this? When should you self-isolate? Will the virus be less effective when we get warmer weather?  When should I go to the hospital? Should I get tested if I was in contact with someone who has or is suspected of having covid19 (but do not have any symptoms)? Should I stop taking medications that suppress my immune system?  When someone in the household is coming and going (for work), how can we keep the home a safe place? Can the virus be transmitted through Air Conditioning? (from outside or from within the home) How long does the virus last on inanimate objects (plastic, glass, cardboard, metal)? What have we learned from countries like China, South Korea and Singapore that have been dealing with this for a longer period of time and have slowed the spread?",-,-,-,-,-,COVID-19 stands for what?,How long is this expected to last?,-,-,-,age wise statistics for covid-19,What is the main symptoms of the disease related to new coronavirus,"should I call to find out more, itâ€™s the coughing and difficulty breathing and fatigue that worries me",Is sore throats a symptom ,-,-,-,-,-,-,-,-,-,-,-,-,-,-,What are the symptoms,-,-,-,"If you recover from the virus, can you still be a carrier ",-,What is COVID 19,-,-,-,-,-,-,-,-,-,-,-,-,-,-,-,-,-,-,-,When will life get back to normal?
14,-,-,mental health,-,-,I was very sick with covid symptoms in late February and still coughing . Should I go get tested,-,-,-,-,-,What to do if I think I have covid 19?,-,-,-,-,How does COVID-19 affect lungs? And how do you see this pandemic will impact the world's economy?,How do I distinguish between the flu and coronavirus?,What is the likelihood of having covid if only showing one symptoms for example dry cough,"If I'm in self-quarantine with mild symptoms of some sort of respiratory thing, when can I stop self-quarantining?",-,-,-,-,-,-,-,-,-,-,-,-,-,-,What are the symptoms,-,-,-,How did this virus transmit?,-,About COVID-19,-,-,-,-,-,-,-,-,-,-,-,-,-,-,-,-,-,-,-,I have a headache for the past 3 days should I be tested ? 
15,-,-,When will the treatment be available for this pandemic?,-,-,"If my son if suppose to get tested tomorrow, but just starting to feel better. Can I cancel or should we still go?",-,-,-,-,-,What can we do to protect ourselves from COVID-19?,-,-,-,-,Is covid very dangerous,Is the phlegm color suggestive of coronavirus? ,-,Does the amount of virus one is exposed to change the severity of the symptoms?,-,-,-,-,-,-,-,-,-,-,-,-,-,-,-,-,-,-,If I inhale a high concentration of soap bubbles would that kill the virus on contact in my lungs?,-,What is COVID-19?,-,-,-,-,-,-,-,-,-,-,-,-,-,-,-,-,-,-,-,"To get an idea of how widespread the virus is, why don't we simply test a random sample of people?"
16,-,-,Chlono,-,-,Can I still go out for grocery shopping even if I'm just getting back from vacations,-,-,-,-,-,How does covid 19 feel ,-,-,-,-,How can I differ between covid and normal flu ?,-,-,"When having covid-19, What are the next possible symptoms for a 4 years old child",-,-,-,-,-,-,-,-,-,-,-,-,-,-,-,-,-,-,Does soap really kill the virus?,-,what is covid-19,-,-,-,-,-,-,-,-,-,-,-,-,-,-,-,-,-,-,-,how i can test if i have the diease?
17,-,-,Where can we find ventilator?,-,-,Is it safe to take a walk outside with my child?,-,-,-,-,-,should I worry about covid 19?,-,-,-,-,Is it safe to order food during the COVID-19 pandemic?,-,-,I am feeling itchy around my body. Is it a symptom of covid? ,-,-,-,-,-,-,-,-,-,-,-,-,-,-,-,-,-,-,When this virus terminated?,-,What is covid-19?,-,-,-,-,-,-,-,-,-,-,-,-,-,-,-,-,-,-,-,Can I get Ovid 19 if someone pets my dog and then I pet her? 
18,-,-,"As of today, can we gather only 2",-,-,-,-,-,-,-,-,-,-,-,-,-,Does COVID 19 cause stomach issues,-,-,Can I move in with family if we have all been symptom free for 14 days?,-,-,-,-,-,-,-,-,-,-,-,-,-,-,-,-,-,-,Is the virus deadly?,-,What is COVID-19?,-,-,-,-,-,-,-,-,-,-,-,-,-,-,-,-,-,-,-,-
19,-,-,what are the conditions under which people are most likely to develop complications versus those who wonâ€™t?  ,-,-,-,-,-,-,-,-,-,-,-,-,-,How effective is the new drug manufactured by Fujifilm Toyama Chemicals in treating COVID-19?,-,-,If you start showing flu symptoms should you consult a doctor or stay home?,-,-,-,-,-,-,-,-,-,-,-,-,-,-,-,-,-,-,Is the virus airborne ,-,what is covid-19,-,-,-,-,-,-,-,-,-,-,-,-,-,-,-,-,-,-,-,-
20,-,-,What is a vaccin becoming available?,-,-,-,-,-,-,-,-,-,-,-,-,-,What is the origin of COVID-19?,-,-,What are the top symptoms ,-,-,-,-,-,-,-,-,-,-,-,-,-,-,-,-,-,-,how can one fight the virus ,-,Covid-19,-,-,-,-,-,-,-,-,-,-,-,-,-,-,-,-,-,-,-,-
21,-,-,Will the largest commercial suppliers in the country be urged to provide necessities for each household for delivery? We have Sobeyâ€™s Loblaw Amazon Walmart and Intelcom who do this today but in an unconcerted way. ,-,-,-,-,-,-,-,-,-,-,-,-,-,what is covid-2019,-,-,-,-,-,-,-,-,-,-,-,-,-,-,-,-,-,-,-,-,-,What is the difference between a bacteria and a virus?,-,Whatâ€™s COVID-19?,-,-,-,-,-,-,-,-,-,-,-,-,-,-,-,-,-,-,-,-
22,-,-,"In the U.S., why has the Defense Production Act not been invoked to allow weekly (?) testing of every single person present in The United States?  Yes, this is on the scale of industrialization of the WW2 era, and yes, that is *exactly* what the Defense Production Act is for.",-,-,-,-,-,-,-,-,-,-,-,-,-,How should I keep my family safe during covid-19?,-,-,-,-,-,-,-,-,-,-,-,-,-,-,-,-,-,-,-,-,-,How deadly is the virus?,-,-,-,-,-,-,-,-,-,-,-,-,-,-,-,-,-,-,-,-,-,-
23,-,-,What's the point of asking you questions if you don't have answers,-,-,-,-,-,-,-,-,-,-,-,-,-,Do i have a covid or is it just a cold?,-,-,-,-,-,-,-,-,-,-,-,-,-,-,-,-,-,-,-,-,-,how painful will it be if I got the virus?,-,-,-,-,-,-,-,-,-,-,-,-,-,-,-,-,-,-,-,-,-,-
24,-,-,why is my dick so big,-,-,-,-,-,-,-,-,-,-,-,-,-,What is covid 29,-,-,-,-,-,-,-,-,-,-,-,-,-,-,-,-,-,-,-,-,-,Does eating Oranges daily help to fight this virus,-,-,-,-,-,-,-,-,-,-,-,-,-,-,-,-,-,-,-,-,-,-
25,-,-,Why are death rates so different across countries?,-,-,-,-,-,-,-,-,-,-,-,-,-,My brother has COVID-19. What to do?,-,-,-,-,-,-,-,-,-,-,-,-,-,-,-,-,-,-,-,-,-,"If I cross someone on the street, how are the chance to catch the virus ?",-,-,-,-,-,-,-,-,-,-,-,-,-,-,-,-,-,-,-,-,-,-
26,-,-,Should I wear mask,-,-,-,-,-,-,-,-,-,-,-,-,-,Is COVID-19 air-borne?,-,-,-,-,-,-,-,-,-,-,-,-,-,-,-,-,-,-,-,-,-,-,-,-,-,-,-,-,-,-,-,-,-,-,-,-,-,-,-,-,-,-,-,-
27,-,-,where can I help?,-,-,-,-,-,-,-,-,-,-,-,-,-,Can you smoke cannabis during Covid?,-,-,-,-,-,-,-,-,-,-,-,-,-,-,-,-,-,-,-,-,-,-,-,-,-,-,-,-,-,-,-,-,-,-,-,-,-,-,-,-,-,-,-,-
28,-,-,How often should i take my temperature?,-,-,-,-,-,-,-,-,-,-,-,-,-,What are the covid simptons?,-,-,-,-,-,-,-,-,-,-,-,-,-,-,-,-,-,-,-,-,-,-,-,-,-,-,-,-,-,-,-,-,-,-,-,-,-,-,-,-,-,-,-,-
29,-,-,What is the advice surrounding outdoor exercise/sport?,-,-,-,-,-,-,-,-,-,-,-,-,-,What do I do if someone with COVID-19 spotted?,-,-,-,-,-,-,-,-,-,-,-,-,-,-,-,-,-,-,-,-,-,-,-,-,-,-,-,-,-,-,-,-,-,-,-,-,-,-,-,-,-,-,-,-
30,-,-,is the grocery open?,-,-,-,-,-,-,-,-,-,-,-,-,-,"If you contract COVID-19, how do you treat yourself at home?",-,-,-,-,-,-,-,-,-,-,-,-,-,-,-,-,-,-,-,-,-,-,-,-,-,-,-,-,-,-,-,-,-,-,-,-,-,-,-,-,-,-,-,-
31,-,-,Who is at risk?,-,-,-,-,-,-,-,-,-,-,-,-,-,What are you symtoms of covid? ,-,-,-,-,-,-,-,-,-,-,-,-,-,-,-,-,-,-,-,-,-,-,-,-,-,-,-,-,-,-,-,-,-,-,-,-,-,-,-,-,-,-,-,-
32,-,-,What are the main synptoms?,-,-,-,-,-,-,-,-,-,-,-,-,-,what treatments are available for covid-19?,-,-,-,-,-,-,-,-,-,-,-,-,-,-,-,-,-,-,-,-,-,-,-,-,-,-,-,-,-,-,-,-,-,-,-,-,-,-,-,-,-,-,-,-
33,-,-,what is canada's situation right now?,-,-,-,-,-,-,-,-,-,-,-,-,-,Is there more than one strain of COVID-19?,-,-,-,-,-,-,-,-,-,-,-,-,-,-,-,-,-,-,-,-,-,-,-,-,-,-,-,-,-,-,-,-,-,-,-,-,-,-,-,-,-,-,-,-
34,-,-,When should I visit a doctor?,-,-,-,-,-,-,-,-,-,-,-,-,-,Would using heated-vapor humidifier help with sanitizing the sinuses of the covid-19?,-,-,-,-,-,-,-,-,-,-,-,-,-,-,-,-,-,-,-,-,-,-,-,-,-,-,-,-,-,-,-,-,-,-,-,-,-,-,-,-,-,-,-,-
35,-,-,"Would it help eradicate viruses immediately if we put in place proper healthcare systems throughout every country, rich or poor, and to also have enough health professionals worldwide in place who will immediately recognize if there is a contagious virus in their city to eradicate it before it spreads?",-,-,-,-,-,-,-,-,-,-,-,-,-,What colour is covid 19?,-,-,-,-,-,-,-,-,-,-,-,-,-,-,-,-,-,-,-,-,-,-,-,-,-,-,-,-,-,-,-,-,-,-,-,-,-,-,-,-,-,-,-,-
36,-,-,I have throat ,-,-,-,-,-,-,-,-,-,-,-,-,-,Define covid 18,-,-,-,-,-,-,-,-,-,-,-,-,-,-,-,-,-,-,-,-,-,-,-,-,-,-,-,-,-,-,-,-,-,-,-,-,-,-,-,-,-,-,-,-
37,-,-,I worry for my mental health during quarantine,-,-,-,-,-,-,-,-,-,-,-,-,-,How do i knew if i got covid,-,-,-,-,-,-,-,-,-,-,-,-,-,-,-,-,-,-,-,-,-,-,-,-,-,-,-,-,-,-,-,-,-,-,-,-,-,-,-,-,-,-,-,-
38,-,-,When will the schools reopen?,-,-,-,-,-,-,-,-,-,-,-,-,-,Infomation about covid,-,-,-,-,-,-,-,-,-,-,-,-,-,-,-,-,-,-,-,-,-,-,-,-,-,-,-,-,-,-,-,-,-,-,-,-,-,-,-,-,-,-,-,-
39,-,-,I think Iâ€™m sick,-,-,-,-,-,-,-,-,-,-,-,-,-,When will covid end? ,-,-,-,-,-,-,-,-,-,-,-,-,-,-,-,-,-,-,-,-,-,-,-,-,-,-,-,-,-,-,-,-,-,-,-,-,-,-,-,-,-,-,-,-
40,-,-,My  father is 80 years and food is delivered to him daily. Can food containers and food itself be contaminated by COVID,-,-,-,-,-,-,-,-,-,-,-,-,-,What places of laval has covid-19,-,-,-,-,-,-,-,-,-,-,-,-,-,-,-,-,-,-,-,-,-,-,-,-,-,-,-,-,-,-,-,-,-,-,-,-,-,-,-,-,-,-,-,-
41,-,-,When do I expect to hear back from you? ,-,-,-,-,-,-,-,-,-,-,-,-,-,I have a lot of stress regarding COVID-19,-,-,-,-,-,-,-,-,-,-,-,-,-,-,-,-,-,-,-,-,-,-,-,-,-,-,-,-,-,-,-,-,-,-,-,-,-,-,-,-,-,-,-,-
42,-,-,When will be done?,-,-,-,-,-,-,-,-,-,-,-,-,-,I have a bit of nausea and headache. Do i have covid-19?,-,-,-,-,-,-,-,-,-,-,-,-,-,-,-,-,-,-,-,-,-,-,-,-,-,-,-,-,-,-,-,-,-,-,-,-,-,-,-,-,-,-,-,-
43,-,-,Why is Trudeau asleep?,-,-,-,-,-,-,-,-,-,-,-,-,-,What about the researches with respect to treatment of COVID-19,-,-,-,-,-,-,-,-,-,-,-,-,-,-,-,-,-,-,-,-,-,-,-,-,-,-,-,-,-,-,-,-,-,-,-,-,-,-,-,-,-,-,-,-
44,-,-,Will the groceries shut down?,-,-,-,-,-,-,-,-,-,-,-,-,-,What are the side-effects of hydroxychloroquine for treating COVID-19?,-,-,-,-,-,-,-,-,-,-,-,-,-,-,-,-,-,-,-,-,-,-,-,-,-,-,-,-,-,-,-,-,-,-,-,-,-,-,-,-,-,-,-,-
45,-,-,Is ACE Inhibitor harmful ,-,-,-,-,-,-,-,-,-,-,-,-,-,"Once you are cured from Covid-19, can you catch it again?",-,-,-,-,-,-,-,-,-,-,-,-,-,-,-,-,-,-,-,-,-,-,-,-,-,-,-,-,-,-,-,-,-,-,-,-,-,-,-,-,-,-,-,-
46,-,-,Do I need to disinfect things I buy like groceries and supplies?,-,-,-,-,-,-,-,-,-,-,-,-,-,Does covid transfer through air?,-,-,-,-,-,-,-,-,-,-,-,-,-,-,-,-,-,-,-,-,-,-,-,-,-,-,-,-,-,-,-,-,-,-,-,-,-,-,-,-,-,-,-,-
47,-,-,Does a mask actually help if I'm not sick?,-,-,-,-,-,-,-,-,-,-,-,-,-,How dangerous is the COV-19?,-,-,-,-,-,-,-,-,-,-,-,-,-,-,-,-,-,-,-,-,-,-,-,-,-,-,-,-,-,-,-,-,-,-,-,-,-,-,-,-,-,-,-,-
48,-,-,Will 1 meter distancing safe?,-,-,-,-,-,-,-,-,-,-,-,-,-,-,-,-,-,-,-,-,-,-,-,-,-,-,-,-,-,-,-,-,-,-,-,-,-,-,-,-,-,-,-,-,-,-,-,-,-,-,-,-,-,-,-,-,-,-
49,-,-,Does taking high doses of vitamin C and D help fighting the disease? As an immune system booster! Is there any study on that?,-,-,-,-,-,-,-,-,-,-,-,-,-,-,-,-,-,-,-,-,-,-,-,-,-,-,-,-,-,-,-,-,-,-,-,-,-,-,-,-,-,-,-,-,-,-,-,-,-,-,-,-,-,-,-,-,-,-
50,-,-,How to protect myself on a plane,-,-,-,-,-,-,-,-,-,-,-,-,-,-,-,-,-,-,-,-,-,-,-,-,-,-,-,-,-,-,-,-,-,-,-,-,-,-,-,-,-,-,-,-,-,-,-,-,-,-,-,-,-,-,-,-,-,-
51,-,-,Will there be any changes in PGWP?,-,-,-,-,-,-,-,-,-,-,-,-,-,-,-,-,-,-,-,-,-,-,-,-,-,-,-,-,-,-,-,-,-,-,-,-,-,-,-,-,-,-,-,-,-,-,-,-,-,-,-,-,-,-,-,-,-,-
52,-,-,how to protect myself from it ,-,-,-,-,-,-,-,-,-,-,-,-,-,-,-,-,-,-,-,-,-,-,-,-,-,-,-,-,-,-,-,-,-,-,-,-,-,-,-,-,-,-,-,-,-,-,-,-,-,-,-,-,-,-,-,-,-,-
53,-,-,what is canada quarantine policy?,-,-,-,-,-,-,-,-,-,-,-,-,-,-,-,-,-,-,-,-,-,-,-,-,-,-,-,-,-,-,-,-,-,-,-,-,-,-,-,-,-,-,-,-,-,-,-,-,-,-,-,-,-,-,-,-,-,-
54,-,-,My sister-in-law is pregnant and lives in a house with extended family where one member is isolated due to possible contact with someone with COVID-19. Are the risks for pregnant woman Higher? How can she protect?,-,-,-,-,-,-,-,-,-,-,-,-,-,-,-,-,-,-,-,-,-,-,-,-,-,-,-,-,-,-,-,-,-,-,-,-,-,-,-,-,-,-,-,-,-,-,-,-,-,-,-,-,-,-,-,-,-,-
55,-,-,When will the cure be available ?,-,-,-,-,-,-,-,-,-,-,-,-,-,-,-,-,-,-,-,-,-,-,-,-,-,-,-,-,-,-,-,-,-,-,-,-,-,-,-,-,-,-,-,-,-,-,-,-,-,-,-,-,-,-,-,-,-,-
56,-,-,when will the pandemic end?,-,-,-,-,-,-,-,-,-,-,-,-,-,-,-,-,-,-,-,-,-,-,-,-,-,-,-,-,-,-,-,-,-,-,-,-,-,-,-,-,-,-,-,-,-,-,-,-,-,-,-,-,-,-,-,-,-,-
57,-,-,what is this site,-,-,-,-,-,-,-,-,-,-,-,-,-,-,-,-,-,-,-,-,-,-,-,-,-,-,-,-,-,-,-,-,-,-,-,-,-,-,-,-,-,-,-,-,-,-,-,-,-,-,-,-,-,-,-,-,-,-
58,-,-,Is it useful to wear a mask if we are not sick?,-,-,-,-,-,-,-,-,-,-,-,-,-,-,-,-,-,-,-,-,-,-,-,-,-,-,-,-,-,-,-,-,-,-,-,-,-,-,-,-,-,-,-,-,-,-,-,-,-,-,-,-,-,-,-,-,-,-
59,-,-,what is social distancing?,-,-,-,-,-,-,-,-,-,-,-,-,-,-,-,-,-,-,-,-,-,-,-,-,-,-,-,-,-,-,-,-,-,-,-,-,-,-,-,-,-,-,-,-,-,-,-,-,-,-,-,-,-,-,-,-,-,-
60,-,-,When will this end,-,-,-,-,-,-,-,-,-,-,-,-,-,-,-,-,-,-,-,-,-,-,-,-,-,-,-,-,-,-,-,-,-,-,-,-,-,-,-,-,-,-,-,-,-,-,-,-,-,-,-,-,-,-,-,-,-,-
61,-,-,What should I do?,-,-,-,-,-,-,-,-,-,-,-,-,-,-,-,-,-,-,-,-,-,-,-,-,-,-,-,-,-,-,-,-,-,-,-,-,-,-,-,-,-,-,-,-,-,-,-,-,-,-,-,-,-,-,-,-,-,-
62,-,-,I feel heaviness  in my chest nothing else from last 2 week ,-,-,-,-,-,-,-,-,-,-,-,-,-,-,-,-,-,-,-,-,-,-,-,-,-,-,-,-,-,-,-,-,-,-,-,-,-,-,-,-,-,-,-,-,-,-,-,-,-,-,-,-,-,-,-,-,-,-
63,-,-,where did it start,-,-,-,-,-,-,-,-,-,-,-,-,-,-,-,-,-,-,-,-,-,-,-,-,-,-,-,-,-,-,-,-,-,-,-,-,-,-,-,-,-,-,-,-,-,-,-,-,-,-,-,-,-,-,-,-,-,-
64,-,-,how are you,-,-,-,-,-,-,-,-,-,-,-,-,-,-,-,-,-,-,-,-,-,-,-,-,-,-,-,-,-,-,-,-,-,-,-,-,-,-,-,-,-,-,-,-,-,-,-,-,-,-,-,-,-,-,-,-,-,-
65,-,-,Are vet clinics still open?,-,-,-,-,-,-,-,-,-,-,-,-,-,-,-,-,-,-,-,-,-,-,-,-,-,-,-,-,-,-,-,-,-,-,-,-,-,-,-,-,-,-,-,-,-,-,-,-,-,-,-,-,-,-,-,-,-,-
66,-,-,What is the mortality rate?,-,-,-,-,-,-,-,-,-,-,-,-,-,-,-,-,-,-,-,-,-,-,-,-,-,-,-,-,-,-,-,-,-,-,-,-,-,-,-,-,-,-,-,-,-,-,-,-,-,-,-,-,-,-,-,-,-,-
67,-,-,Hypertension ,-,-,-,-,-,-,-,-,-,-,-,-,-,-,-,-,-,-,-,-,-,-,-,-,-,-,-,-,-,-,-,-,-,-,-,-,-,-,-,-,-,-,-,-,-,-,-,-,-,-,-,-,-,-,-,-,-,-
68,-,-,Could stores open a few hours a week for the elderly? ,-,-,-,-,-,-,-,-,-,-,-,-,-,-,-,-,-,-,-,-,-,-,-,-,-,-,-,-,-,-,-,-,-,-,-,-,-,-,-,-,-,-,-,-,-,-,-,-,-,-,-,-,-,-,-,-,-,-
69,-,-,Should I take the metro?,-,-,-,-,-,-,-,-,-,-,-,-,-,-,-,-,-,-,-,-,-,-,-,-,-,-,-,-,-,-,-,-,-,-,-,-,-,-,-,-,-,-,-,-,-,-,-,-,-,-,-,-,-,-,-,-,-,-
70,-,-,How do we best organize people so that duplicate work is not being done?,-,-,-,-,-,-,-,-,-,-,-,-,-,-,-,-,-,-,-,-,-,-,-,-,-,-,-,-,-,-,-,-,-,-,-,-,-,-,-,-,-,-,-,-,-,-,-,-,-,-,-,-,-,-,-,-,-,-
71,-,-,How dangerous it is for pregnant womens?,-,-,-,-,-,-,-,-,-,-,-,-,-,-,-,-,-,-,-,-,-,-,-,-,-,-,-,-,-,-,-,-,-,-,-,-,-,-,-,-,-,-,-,-,-,-,-,-,-,-,-,-,-,-,-,-,-,-
72,-,-,How am I supposed to work while I have two young children at home?,-,-,-,-,-,-,-,-,-,-,-,-,-,-,-,-,-,-,-,-,-,-,-,-,-,-,-,-,-,-,-,-,-,-,-,-,-,-,-,-,-,-,-,-,-,-,-,-,-,-,-,-,-,-,-,-,-,-
73,-,-,"Do we have this epidemic, and many more to come, because we're not taking care of the earth, we're destroying more and more trees, and humans are eating more wild animals that have viruses, per a talk from Alanna Shaikh?",-,-,-,-,-,-,-,-,-,-,-,-,-,-,-,-,-,-,-,-,-,-,-,-,-,-,-,-,-,-,-,-,-,-,-,-,-,-,-,-,-,-,-,-,-,-,-,-,-,-,-,-,-,-,-,-,-,-
74,-,-,When this will ever end ,-,-,-,-,-,-,-,-,-,-,-,-,-,-,-,-,-,-,-,-,-,-,-,-,-,-,-,-,-,-,-,-,-,-,-,-,-,-,-,-,-,-,-,-,-,-,-,-,-,-,-,-,-,-,-,-,-,-
75,-,-,waht are thenoptiin to disinfect hands and surfaces other than soap and alcohol,-,-,-,-,-,-,-,-,-,-,-,-,-,-,-,-,-,-,-,-,-,-,-,-,-,-,-,-,-,-,-,-,-,-,-,-,-,-,-,-,-,-,-,-,-,-,-,-,-,-,-,-,-,-,-,-,-,-
76,-,-,what kind of protective gear do i need to wear?,-,-,-,-,-,-,-,-,-,-,-,-,-,-,-,-,-,-,-,-,-,-,-,-,-,-,-,-,-,-,-,-,-,-,-,-,-,-,-,-,-,-,-,-,-,-,-,-,-,-,-,-,-,-,-,-,-,-
77,-,-,Who is most at risk? ,-,-,-,-,-,-,-,-,-,-,-,-,-,-,-,-,-,-,-,-,-,-,-,-,-,-,-,-,-,-,-,-,-,-,-,-,-,-,-,-,-,-,-,-,-,-,-,-,-,-,-,-,-,-,-,-,-,-
78,-,-,what are the risks for someone aged 65?,-,-,-,-,-,-,-,-,-,-,-,-,-,-,-,-,-,-,-,-,-,-,-,-,-,-,-,-,-,-,-,-,-,-,-,-,-,-,-,-,-,-,-,-,-,-,-,-,-,-,-,-,-,-,-,-,-,-
79,-,-,What precautions should I take with things delivered at home?,-,-,-,-,-,-,-,-,-,-,-,-,-,-,-,-,-,-,-,-,-,-,-,-,-,-,-,-,-,-,-,-,-,-,-,-,-,-,-,-,-,-,-,-,-,-,-,-,-,-,-,-,-,-,-,-,-,-
80,-,-,Option to run the questions for children ,-,-,-,-,-,-,-,-,-,-,-,-,-,-,-,-,-,-,-,-,-,-,-,-,-,-,-,-,-,-,-,-,-,-,-,-,-,-,-,-,-,-,-,-,-,-,-,-,-,-,-,-,-,-,-,-,-,-
81,-,-,who needs to be isolated?,-,-,-,-,-,-,-,-,-,-,-,-,-,-,-,-,-,-,-,-,-,-,-,-,-,-,-,-,-,-,-,-,-,-,-,-,-,-,-,-,-,-,-,-,-,-,-,-,-,-,-,-,-,-,-,-,-,-
82,-,-,Should I not touch my mail?,-,-,-,-,-,-,-,-,-,-,-,-,-,-,-,-,-,-,-,-,-,-,-,-,-,-,-,-,-,-,-,-,-,-,-,-,-,-,-,-,-,-,-,-,-,-,-,-,-,-,-,-,-,-,-,-,-,-
83,-,-,I am feeling sick ,-,-,-,-,-,-,-,-,-,-,-,-,-,-,-,-,-,-,-,-,-,-,-,-,-,-,-,-,-,-,-,-,-,-,-,-,-,-,-,-,-,-,-,-,-,-,-,-,-,-,-,-,-,-,-,-,-,-
84,-,-,how old are you?,-,-,-,-,-,-,-,-,-,-,-,-,-,-,-,-,-,-,-,-,-,-,-,-,-,-,-,-,-,-,-,-,-,-,-,-,-,-,-,-,-,-,-,-,-,-,-,-,-,-,-,-,-,-,-,-,-,-
85,-,-,Do I need to stay away from my family members if we're all social distancing together in the house?,-,-,-,-,-,-,-,-,-,-,-,-,-,-,-,-,-,-,-,-,-,-,-,-,-,-,-,-,-,-,-,-,-,-,-,-,-,-,-,-,-,-,-,-,-,-,-,-,-,-,-,-,-,-,-,-,-,-
86,-,-,"Hello, I am social distancing and taking precautions, however I have to share a communal sink. I try to stay as safe as possible by cleaning it, but I have touched the knobs with my bare hands without thinking, can germs spread this way? Should I avoid the sink in general? Thank you! ",-,-,-,-,-,-,-,-,-,-,-,-,-,-,-,-,-,-,-,-,-,-,-,-,-,-,-,-,-,-,-,-,-,-,-,-,-,-,-,-,-,-,-,-,-,-,-,-,-,-,-,-,-,-,-,-,-,-
87,-,-,I have Hashimoto's hypothyroiditis. Am I more at risk? I also had a PE due to Fv-leiden and oral contraceptives in 2001...what do you recommend I do?,-,-,-,-,-,-,-,-,-,-,-,-,-,-,-,-,-,-,-,-,-,-,-,-,-,-,-,-,-,-,-,-,-,-,-,-,-,-,-,-,-,-,-,-,-,-,-,-,-,-,-,-,-,-,-,-,-,-
88,-,-,What are effective immunity boosters?,-,-,-,-,-,-,-,-,-,-,-,-,-,-,-,-,-,-,-,-,-,-,-,-,-,-,-,-,-,-,-,-,-,-,-,-,-,-,-,-,-,-,-,-,-,-,-,-,-,-,-,-,-,-,-,-,-,-
89,-,-,What was the total number of deaths before and after the virus?,-,-,-,-,-,-,-,-,-,-,-,-,-,-,-,-,-,-,-,-,-,-,-,-,-,-,-,-,-,-,-,-,-,-,-,-,-,-,-,-,-,-,-,-,-,-,-,-,-,-,-,-,-,-,-,-,-,-
90,-,-,When should I contact a doctor?,-,-,-,-,-,-,-,-,-,-,-,-,-,-,-,-,-,-,-,-,-,-,-,-,-,-,-,-,-,-,-,-,-,-,-,-,-,-,-,-,-,-,-,-,-,-,-,-,-,-,-,-,-,-,-,-,-,-
91,-,-,Is staying at home mandatory?,-,-,-,-,-,-,-,-,-,-,-,-,-,-,-,-,-,-,-,-,-,-,-,-,-,-,-,-,-,-,-,-,-,-,-,-,-,-,-,-,-,-,-,-,-,-,-,-,-,-,-,-,-,-,-,-,-,-
92,-,-,Is it safe to give blood?,-,-,-,-,-,-,-,-,-,-,-,-,-,-,-,-,-,-,-,-,-,-,-,-,-,-,-,-,-,-,-,-,-,-,-,-,-,-,-,-,-,-,-,-,-,-,-,-,-,-,-,-,-,-,-,-,-,-
93,-,-,I have a sore throat. What do I do?,-,-,-,-,-,-,-,-,-,-,-,-,-,-,-,-,-,-,-,-,-,-,-,-,-,-,-,-,-,-,-,-,-,-,-,-,-,-,-,-,-,-,-,-,-,-,-,-,-,-,-,-,-,-,-,-,-,-
94,-,-,What is the risk for a pregnant women?,-,-,-,-,-,-,-,-,-,-,-,-,-,-,-,-,-,-,-,-,-,-,-,-,-,-,-,-,-,-,-,-,-,-,-,-,-,-,-,-,-,-,-,-,-,-,-,-,-,-,-,-,-,-,-,-,-,-
95,-,-,What is the risk for an asthmatic ?,-,-,-,-,-,-,-,-,-,-,-,-,-,-,-,-,-,-,-,-,-,-,-,-,-,-,-,-,-,-,-,-,-,-,-,-,-,-,-,-,-,-,-,-,-,-,-,-,-,-,-,-,-,-,-,-,-,-
96,-,-,"I'm hot, what do I do?",-,-,-,-,-,-,-,-,-,-,-,-,-,-,-,-,-,-,-,-,-,-,-,-,-,-,-,-,-,-,-,-,-,-,-,-,-,-,-,-,-,-,-,-,-,-,-,-,-,-,-,-,-,-,-,-,-,-
97,-,-,how to prevent ?,-,-,-,-,-,-,-,-,-,-,-,-,-,-,-,-,-,-,-,-,-,-,-,-,-,-,-,-,-,-,-,-,-,-,-,-,-,-,-,-,-,-,-,-,-,-,-,-,-,-,-,-,-,-,-,-,-,-
98,-,-,what is self monitoring?,-,-,-,-,-,-,-,-,-,-,-,-,-,-,-,-,-,-,-,-,-,-,-,-,-,-,-,-,-,-,-,-,-,-,-,-,-,-,-,-,-,-,-,-,-,-,-,-,-,-,-,-,-,-,-,-,-,-
99,-,-,What should I use to disinfect grocery bags and grocery items? ,-,-,-,-,-,-,-,-,-,-,-,-,-,-,-,-,-,-,-,-,-,-,-,-,-,-,-,-,-,-,-,-,-,-,-,-,-,-,-,-,-,-,-,-,-,-,-,-,-,-,-,-,-,-,-,-,-,-
100,-,-,How much it's prevelent in Pakistan?,-,-,-,-,-,-,-,-,-,-,-,-,-,-,-,-,-,-,-,-,-,-,-,-,-,-,-,-,-,-,-,-,-,-,-,-,-,-,-,-,-,-,-,-,-,-,-,-,-,-,-,-,-,-,-,-,-,-
101,-,-,what is pandemic,-,-,-,-,-,-,-,-,-,-,-,-,-,-,-,-,-,-,-,-,-,-,-,-,-,-,-,-,-,-,-,-,-,-,-,-,-,-,-,-,-,-,-,-,-,-,-,-,-,-,-,-,-,-,-,-,-,-
102,-,-,"if someone had pneumonia before, are they more at risk?",-,-,-,-,-,-,-,-,-,-,-,-,-,-,-,-,-,-,-,-,-,-,-,-,-,-,-,-,-,-,-,-,-,-,-,-,-,-,-,-,-,-,-,-,-,-,-,-,-,-,-,-,-,-,-,-,-,-
103,-,-,what is the risk for a pregnent woman ?,-,-,-,-,-,-,-,-,-,-,-,-,-,-,-,-,-,-,-,-,-,-,-,-,-,-,-,-,-,-,-,-,-,-,-,-,-,-,-,-,-,-,-,-,-,-,-,-,-,-,-,-,-,-,-,-,-,-
104,-,-,Will the pandemic affect university research?,-,-,-,-,-,-,-,-,-,-,-,-,-,-,-,-,-,-,-,-,-,-,-,-,-,-,-,-,-,-,-,-,-,-,-,-,-,-,-,-,-,-,-,-,-,-,-,-,-,-,-,-,-,-,-,-,-,-
105,-,-,Will people on LTD (Long Term Disability) drill receive their payments?,-,-,-,-,-,-,-,-,-,-,-,-,-,-,-,-,-,-,-,-,-,-,-,-,-,-,-,-,-,-,-,-,-,-,-,-,-,-,-,-,-,-,-,-,-,-,-,-,-,-,-,-,-,-,-,-,-,-
106,-,-,Are there any risk for the foetus? ,-,-,-,-,-,-,-,-,-,-,-,-,-,-,-,-,-,-,-,-,-,-,-,-,-,-,-,-,-,-,-,-,-,-,-,-,-,-,-,-,-,-,-,-,-,-,-,-,-,-,-,-,-,-,-,-,-,-
107,-,-,"Would it help to ensure there is a warehouse already filled with protective gear for health professionals worldwide, instead of scrambling, or ordering these last minute, and also have enough hospitals built, because if we don't do that, we'll have to do what China did and build a hospital at the last minute?",-,-,-,-,-,-,-,-,-,-,-,-,-,-,-,-,-,-,-,-,-,-,-,-,-,-,-,-,-,-,-,-,-,-,-,-,-,-,-,-,-,-,-,-,-,-,-,-,-,-,-,-,-,-,-,-,-,-
108,-,-,When will we be back to work?,-,-,-,-,-,-,-,-,-,-,-,-,-,-,-,-,-,-,-,-,-,-,-,-,-,-,-,-,-,-,-,-,-,-,-,-,-,-,-,-,-,-,-,-,-,-,-,-,-,-,-,-,-,-,-,-,-,-
109,-,-,What is self-isolation?,-,-,-,-,-,-,-,-,-,-,-,-,-,-,-,-,-,-,-,-,-,-,-,-,-,-,-,-,-,-,-,-,-,-,-,-,-,-,-,-,-,-,-,-,-,-,-,-,-,-,-,-,-,-,-,-,-,-
110,-,-,I recently relocated to Quebec. Can I request RAMQ card with visiting the RAMQ office?,-,-,-,-,-,-,-,-,-,-,-,-,-,-,-,-,-,-,-,-,-,-,-,-,-,-,-,-,-,-,-,-,-,-,-,-,-,-,-,-,-,-,-,-,-,-,-,-,-,-,-,-,-,-,-,-,-,-
111,-,-,"In this time of crisis, is it okay to feed the raccoons",-,-,-,-,-,-,-,-,-,-,-,-,-,-,-,-,-,-,-,-,-,-,-,-,-,-,-,-,-,-,-,-,-,-,-,-,-,-,-,-,-,-,-,-,-,-,-,-,-,-,-,-,-,-,-,-,-,-
112,-,-,Do I need to wash my vegetables and fruits?,-,-,-,-,-,-,-,-,-,-,-,-,-,-,-,-,-,-,-,-,-,-,-,-,-,-,-,-,-,-,-,-,-,-,-,-,-,-,-,-,-,-,-,-,-,-,-,-,-,-,-,-,-,-,-,-,-,-
113,-,-,Doeas the software is automatic in English because I use an English device? If I ask in French the answer will be in French?,-,-,-,-,-,-,-,-,-,-,-,-,-,-,-,-,-,-,-,-,-,-,-,-,-,-,-,-,-,-,-,-,-,-,-,-,-,-,-,-,-,-,-,-,-,-,-,-,-,-,-,-,-,-,-,-,-,-
114,-,-,WHat is your name,-,-,-,-,-,-,-,-,-,-,-,-,-,-,-,-,-,-,-,-,-,-,-,-,-,-,-,-,-,-,-,-,-,-,-,-,-,-,-,-,-,-,-,-,-,-,-,-,-,-,-,-,-,-,-,-,-,-
115,-,-,When will the pandemic end? ,-,-,-,-,-,-,-,-,-,-,-,-,-,-,-,-,-,-,-,-,-,-,-,-,-,-,-,-,-,-,-,-,-,-,-,-,-,-,-,-,-,-,-,-,-,-,-,-,-,-,-,-,-,-,-,-,-,-
116,-,-,How are you?,-,-,-,-,-,-,-,-,-,-,-,-,-,-,-,-,-,-,-,-,-,-,-,-,-,-,-,-,-,-,-,-,-,-,-,-,-,-,-,-,-,-,-,-,-,-,-,-,-,-,-,-,-,-,-,-,-,-
117,-,-,What's happen for country near the Ecuador with a lot of hot? ,-,-,-,-,-,-,-,-,-,-,-,-,-,-,-,-,-,-,-,-,-,-,-,-,-,-,-,-,-,-,-,-,-,-,-,-,-,-,-,-,-,-,-,-,-,-,-,-,-,-,-,-,-,-,-,-,-,-
118,-,-,"On a recent study published in ""Nature"" ,it says that the severity of symptoms of COVID-19 infection depends on how much is your Angiotensin converting enzyme 2 gene is expressed ,my question is ,on what factors does the rate of ACE2 gene expression depends? I",-,-,-,-,-,-,-,-,-,-,-,-,-,-,-,-,-,-,-,-,-,-,-,-,-,-,-,-,-,-,-,-,-,-,-,-,-,-,-,-,-,-,-,-,-,-,-,-,-,-,-,-,-,-,-,-,-,-
119,-,-,"im sneezing, should i be worried?",-,-,-,-,-,-,-,-,-,-,-,-,-,-,-,-,-,-,-,-,-,-,-,-,-,-,-,-,-,-,-,-,-,-,-,-,-,-,-,-,-,-,-,-,-,-,-,-,-,-,-,-,-,-,-,-,-,-
120,-,-,what is self isolation?,-,-,-,-,-,-,-,-,-,-,-,-,-,-,-,-,-,-,-,-,-,-,-,-,-,-,-,-,-,-,-,-,-,-,-,-,-,-,-,-,-,-,-,-,-,-,-,-,-,-,-,-,-,-,-,-,-,-
121,-,-,Do I need to be seen by a doctor,-,-,-,-,-,-,-,-,-,-,-,-,-,-,-,-,-,-,-,-,-,-,-,-,-,-,-,-,-,-,-,-,-,-,-,-,-,-,-,-,-,-,-,-,-,-,-,-,-,-,-,-,-,-,-,-,-,-
122,-,-,Can I fo,-,-,-,-,-,-,-,-,-,-,-,-,-,-,-,-,-,-,-,-,-,-,-,-,-,-,-,-,-,-,-,-,-,-,-,-,-,-,-,-,-,-,-,-,-,-,-,-,-,-,-,-,-,-,-,-,-,-
123,-,-,What is your name,-,-,-,-,-,-,-,-,-,-,-,-,-,-,-,-,-,-,-,-,-,-,-,-,-,-,-,-,-,-,-,-,-,-,-,-,-,-,-,-,-,-,-,-,-,-,-,-,-,-,-,-,-,-,-,-,-,-
124,-,-,what is my level of risk?,-,-,-,-,-,-,-,-,-,-,-,-,-,-,-,-,-,-,-,-,-,-,-,-,-,-,-,-,-,-,-,-,-,-,-,-,-,-,-,-,-,-,-,-,-,-,-,-,-,-,-,-,-,-,-,-,-,-
125,-,-,What will be th impact on international students?,-,-,-,-,-,-,-,-,-,-,-,-,-,-,-,-,-,-,-,-,-,-,-,-,-,-,-,-,-,-,-,-,-,-,-,-,-,-,-,-,-,-,-,-,-,-,-,-,-,-,-,-,-,-,-,-,-,-
126,-,-,Shall we stay where we are or travel to our home country?,-,-,-,-,-,-,-,-,-,-,-,-,-,-,-,-,-,-,-,-,-,-,-,-,-,-,-,-,-,-,-,-,-,-,-,-,-,-,-,-,-,-,-,-,-,-,-,-,-,-,-,-,-,-,-,-,-,-
127,-,-,"Why does the government think that we don't need to wear face masks when clearly citizens from countries that are able to contain the virus are all wearing face masks, regardless if they are sick or not",-,-,-,-,-,-,-,-,-,-,-,-,-,-,-,-,-,-,-,-,-,-,-,-,-,-,-,-,-,-,-,-,-,-,-,-,-,-,-,-,-,-,-,-,-,-,-,-,-,-,-,-,-,-,-,-,-,-
128,-,-,What is the situation right now in the world?,-,-,-,-,-,-,-,-,-,-,-,-,-,-,-,-,-,-,-,-,-,-,-,-,-,-,-,-,-,-,-,-,-,-,-,-,-,-,-,-,-,-,-,-,-,-,-,-,-,-,-,-,-,-,-,-,-,-
129,-,-,What's the current count in India,-,-,-,-,-,-,-,-,-,-,-,-,-,-,-,-,-,-,-,-,-,-,-,-,-,-,-,-,-,-,-,-,-,-,-,-,-,-,-,-,-,-,-,-,-,-,-,-,-,-,-,-,-,-,-,-,-,-
130,-,-,Why didn't you answer my first question?,-,-,-,-,-,-,-,-,-,-,-,-,-,-,-,-,-,-,-,-,-,-,-,-,-,-,-,-,-,-,-,-,-,-,-,-,-,-,-,-,-,-,-,-,-,-,-,-,-,-,-,-,-,-,-,-,-,-
131,-,-,My son is flying from Kansas to England on the 30th April. He is flying into Heathrow and then travelling home to Manchester by train,-,-,-,-,-,-,-,-,-,-,-,-,-,-,-,-,-,-,-,-,-,-,-,-,-,-,-,-,-,-,-,-,-,-,-,-,-,-,-,-,-,-,-,-,-,-,-,-,-,-,-,-,-,-,-,-,-,-
132,-,-,What do I have to expect after the disease?,-,-,-,-,-,-,-,-,-,-,-,-,-,-,-,-,-,-,-,-,-,-,-,-,-,-,-,-,-,-,-,-,-,-,-,-,-,-,-,-,-,-,-,-,-,-,-,-,-,-,-,-,-,-,-,-,-,-
133,-,-,What is an Asymptomatic Carrier?,-,-,-,-,-,-,-,-,-,-,-,-,-,-,-,-,-,-,-,-,-,-,-,-,-,-,-,-,-,-,-,-,-,-,-,-,-,-,-,-,-,-,-,-,-,-,-,-,-,-,-,-,-,-,-,-,-,-
134,-,-,Is there any medication to take to help?,-,-,-,-,-,-,-,-,-,-,-,-,-,-,-,-,-,-,-,-,-,-,-,-,-,-,-,-,-,-,-,-,-,-,-,-,-,-,-,-,-,-,-,-,-,-,-,-,-,-,-,-,-,-,-,-,-,-
135,-,-,hat should I do if my 2 year old child starts having a runny nose?,-,-,-,-,-,-,-,-,-,-,-,-,-,-,-,-,-,-,-,-,-,-,-,-,-,-,-,-,-,-,-,-,-,-,-,-,-,-,-,-,-,-,-,-,-,-,-,-,-,-,-,-,-,-,-,-,-,-
136,-,-,When will the municipalities post heat maps to identify hot spots for Covid positive residents?,-,-,-,-,-,-,-,-,-,-,-,-,-,-,-,-,-,-,-,-,-,-,-,-,-,-,-,-,-,-,-,-,-,-,-,-,-,-,-,-,-,-,-,-,-,-,-,-,-,-,-,-,-,-,-,-,-,-
137,-,-,Have there been any deceased children so far?,-,-,-,-,-,-,-,-,-,-,-,-,-,-,-,-,-,-,-,-,-,-,-,-,-,-,-,-,-,-,-,-,-,-,-,-,-,-,-,-,-,-,-,-,-,-,-,-,-,-,-,-,-,-,-,-,-,-
138,-,-,Should I use Sudafed?,-,-,-,-,-,-,-,-,-,-,-,-,-,-,-,-,-,-,-,-,-,-,-,-,-,-,-,-,-,-,-,-,-,-,-,-,-,-,-,-,-,-,-,-,-,-,-,-,-,-,-,-,-,-,-,-,-,-
139,-,-,From the infected worldwide population what is the ratio that will need medical attention (eg. ICU or ventilators)?,-,-,-,-,-,-,-,-,-,-,-,-,-,-,-,-,-,-,-,-,-,-,-,-,-,-,-,-,-,-,-,-,-,-,-,-,-,-,-,-,-,-,-,-,-,-,-,-,-,-,-,-,-,-,-,-,-,-
140,-,-,Suffering from trout echiting,-,-,-,-,-,-,-,-,-,-,-,-,-,-,-,-,-,-,-,-,-,-,-,-,-,-,-,-,-,-,-,-,-,-,-,-,-,-,-,-,-,-,-,-,-,-,-,-,-,-,-,-,-,-,-,-,-,-
141,-,-,i have some headeche,-,-,-,-,-,-,-,-,-,-,-,-,-,-,-,-,-,-,-,-,-,-,-,-,-,-,-,-,-,-,-,-,-,-,-,-,-,-,-,-,-,-,-,-,-,-,-,-,-,-,-,-,-,-,-,-,-,-
142,-,-,It would possible to predict the time of this pandemic?,-,-,-,-,-,-,-,-,-,-,-,-,-,-,-,-,-,-,-,-,-,-,-,-,-,-,-,-,-,-,-,-,-,-,-,-,-,-,-,-,-,-,-,-,-,-,-,-,-,-,-,-,-,-,-,-,-,-
143,-,-,What the size,-,-,-,-,-,-,-,-,-,-,-,-,-,-,-,-,-,-,-,-,-,-,-,-,-,-,-,-,-,-,-,-,-,-,-,-,-,-,-,-,-,-,-,-,-,-,-,-,-,-,-,-,-,-,-,-,-,-
144,-,-,what are the symtoms,-,-,-,-,-,-,-,-,-,-,-,-,-,-,-,-,-,-,-,-,-,-,-,-,-,-,-,-,-,-,-,-,-,-,-,-,-,-,-,-,-,-,-,-,-,-,-,-,-,-,-,-,-,-,-,-,-,-
145,-,-,is the liquor store open?,-,-,-,-,-,-,-,-,-,-,-,-,-,-,-,-,-,-,-,-,-,-,-,-,-,-,-,-,-,-,-,-,-,-,-,-,-,-,-,-,-,-,-,-,-,-,-,-,-,-,-,-,-,-,-,-,-,-
146,-,-,Mortality rate today,-,-,-,-,-,-,-,-,-,-,-,-,-,-,-,-,-,-,-,-,-,-,-,-,-,-,-,-,-,-,-,-,-,-,-,-,-,-,-,-,-,-,-,-,-,-,-,-,-,-,-,-,-,-,-,-,-,-
147,-,-,Does washing clothes in the  washing machine prevent transmission ? ,-,-,-,-,-,-,-,-,-,-,-,-,-,-,-,-,-,-,-,-,-,-,-,-,-,-,-,-,-,-,-,-,-,-,-,-,-,-,-,-,-,-,-,-,-,-,-,-,-,-,-,-,-,-,-,-,-,-
148,-,-,How are you ,-,-,-,-,-,-,-,-,-,-,-,-,-,-,-,-,-,-,-,-,-,-,-,-,-,-,-,-,-,-,-,-,-,-,-,-,-,-,-,-,-,-,-,-,-,-,-,-,-,-,-,-,-,-,-,-,-,-
149,-,-,Sorry I het enter before I was done.. am I just being paranoid and giving myself an ulcer.. my husband has pulmonary fibrosis so Iâ€™m really worried about him ,-,-,-,-,-,-,-,-,-,-,-,-,-,-,-,-,-,-,-,-,-,-,-,-,-,-,-,-,-,-,-,-,-,-,-,-,-,-,-,-,-,-,-,-,-,-,-,-,-,-,-,-,-,-,-,-,-,-
150,-,-,"If this is really deep learning, how deep is your modelðŸ˜‚",-,-,-,-,-,-,-,-,-,-,-,-,-,-,-,-,-,-,-,-,-,-,-,-,-,-,-,-,-,-,-,-,-,-,-,-,-,-,-,-,-,-,-,-,-,-,-,-,-,-,-,-,-,-,-,-,-,-
151,-,-,what has caused it,-,-,-,-,-,-,-,-,-,-,-,-,-,-,-,-,-,-,-,-,-,-,-,-,-,-,-,-,-,-,-,-,-,-,-,-,-,-,-,-,-,-,-,-,-,-,-,-,-,-,-,-,-,-,-,-,-,-
152,-,-,Is it transmissible through anal sex ?,-,-,-,-,-,-,-,-,-,-,-,-,-,-,-,-,-,-,-,-,-,-,-,-,-,-,-,-,-,-,-,-,-,-,-,-,-,-,-,-,-,-,-,-,-,-,-,-,-,-,-,-,-,-,-,-,-,-
153,-,-,Should I be moving house during a pandemic?,-,-,-,-,-,-,-,-,-,-,-,-,-,-,-,-,-,-,-,-,-,-,-,-,-,-,-,-,-,-,-,-,-,-,-,-,-,-,-,-,-,-,-,-,-,-,-,-,-,-,-,-,-,-,-,-,-,-
154,-,-,when will germany reach the peak?,-,-,-,-,-,-,-,-,-,-,-,-,-,-,-,-,-,-,-,-,-,-,-,-,-,-,-,-,-,-,-,-,-,-,-,-,-,-,-,-,-,-,-,-,-,-,-,-,-,-,-,-,-,-,-,-,-,-
155,-,-,Should I visit my parents in a seniors home?,-,-,-,-,-,-,-,-,-,-,-,-,-,-,-,-,-,-,-,-,-,-,-,-,-,-,-,-,-,-,-,-,-,-,-,-,-,-,-,-,-,-,-,-,-,-,-,-,-,-,-,-,-,-,-,-,-,-
156,-,-,Impacts of it,-,-,-,-,-,-,-,-,-,-,-,-,-,-,-,-,-,-,-,-,-,-,-,-,-,-,-,-,-,-,-,-,-,-,-,-,-,-,-,-,-,-,-,-,-,-,-,-,-,-,-,-,-,-,-,-,-,-
157,-,-,How many will lose their jobs due to the chinese virus?,-,-,-,-,-,-,-,-,-,-,-,-,-,-,-,-,-,-,-,-,-,-,-,-,-,-,-,-,-,-,-,-,-,-,-,-,-,-,-,-,-,-,-,-,-,-,-,-,-,-,-,-,-,-,-,-,-,-
158,-,-,Is ordering food from a restaurant discouraged?,-,-,-,-,-,-,-,-,-,-,-,-,-,-,-,-,-,-,-,-,-,-,-,-,-,-,-,-,-,-,-,-,-,-,-,-,-,-,-,-,-,-,-,-,-,-,-,-,-,-,-,-,-,-,-,-,-,-
159,-,-,What's the capital of Palestine?,-,-,-,-,-,-,-,-,-,-,-,-,-,-,-,-,-,-,-,-,-,-,-,-,-,-,-,-,-,-,-,-,-,-,-,-,-,-,-,-,-,-,-,-,-,-,-,-,-,-,-,-,-,-,-,-,-,-
160,-,-,What is the total number of deaths ,-,-,-,-,-,-,-,-,-,-,-,-,-,-,-,-,-,-,-,-,-,-,-,-,-,-,-,-,-,-,-,-,-,-,-,-,-,-,-,-,-,-,-,-,-,-,-,-,-,-,-,-,-,-,-,-,-,-
161,-,-,What should I buy from the stores now that I feel sick?,-,-,-,-,-,-,-,-,-,-,-,-,-,-,-,-,-,-,-,-,-,-,-,-,-,-,-,-,-,-,-,-,-,-,-,-,-,-,-,-,-,-,-,-,-,-,-,-,-,-,-,-,-,-,-,-,-,-
162,-,-,When is the vaccine available ?,-,-,-,-,-,-,-,-,-,-,-,-,-,-,-,-,-,-,-,-,-,-,-,-,-,-,-,-,-,-,-,-,-,-,-,-,-,-,-,-,-,-,-,-,-,-,-,-,-,-,-,-,-,-,-,-,-,-
163,-,-,is it made by human or by nature,-,-,-,-,-,-,-,-,-,-,-,-,-,-,-,-,-,-,-,-,-,-,-,-,-,-,-,-,-,-,-,-,-,-,-,-,-,-,-,-,-,-,-,-,-,-,-,-,-,-,-,-,-,-,-,-,-,-
164,-,-,"If I was traveling abroad recently, what should I do when coming back home?",-,-,-,-,-,-,-,-,-,-,-,-,-,-,-,-,-,-,-,-,-,-,-,-,-,-,-,-,-,-,-,-,-,-,-,-,-,-,-,-,-,-,-,-,-,-,-,-,-,-,-,-,-,-,-,-,-,-
165,-,-,How is it transmitted?,-,-,-,-,-,-,-,-,-,-,-,-,-,-,-,-,-,-,-,-,-,-,-,-,-,-,-,-,-,-,-,-,-,-,-,-,-,-,-,-,-,-,-,-,-,-,-,-,-,-,-,-,-,-,-,-,-,-
166,-,-,What is the situation now in my country?,-,-,-,-,-,-,-,-,-,-,-,-,-,-,-,-,-,-,-,-,-,-,-,-,-,-,-,-,-,-,-,-,-,-,-,-,-,-,-,-,-,-,-,-,-,-,-,-,-,-,-,-,-,-,-,-,-,-
167,-,-,I have asthma. How at risk am I about the possibility of complications?,-,-,-,-,-,-,-,-,-,-,-,-,-,-,-,-,-,-,-,-,-,-,-,-,-,-,-,-,-,-,-,-,-,-,-,-,-,-,-,-,-,-,-,-,-,-,-,-,-,-,-,-,-,-,-,-,-,-
168,-,-,My employer is not implementing social distancing or safety measures in my workplace. What recourse do I have?,-,-,-,-,-,-,-,-,-,-,-,-,-,-,-,-,-,-,-,-,-,-,-,-,-,-,-,-,-,-,-,-,-,-,-,-,-,-,-,-,-,-,-,-,-,-,-,-,-,-,-,-,-,-,-,-,-,-
169,-,-,Can you see friends if you stick to the social distancing guidelines?,-,-,-,-,-,-,-,-,-,-,-,-,-,-,-,-,-,-,-,-,-,-,-,-,-,-,-,-,-,-,-,-,-,-,-,-,-,-,-,-,-,-,-,-,-,-,-,-,-,-,-,-,-,-,-,-,-,-
170,-,-,What should you do if you dont have water and soap and sanitizer?,-,-,-,-,-,-,-,-,-,-,-,-,-,-,-,-,-,-,-,-,-,-,-,-,-,-,-,-,-,-,-,-,-,-,-,-,-,-,-,-,-,-,-,-,-,-,-,-,-,-,-,-,-,-,-,-,-,-
171,-,-,Does Wearing gloves help?,-,-,-,-,-,-,-,-,-,-,-,-,-,-,-,-,-,-,-,-,-,-,-,-,-,-,-,-,-,-,-,-,-,-,-,-,-,-,-,-,-,-,-,-,-,-,-,-,-,-,-,-,-,-,-,-,-,-
172,-,-,If I have diabetes am I at a higher risk? ,-,-,-,-,-,-,-,-,-,-,-,-,-,-,-,-,-,-,-,-,-,-,-,-,-,-,-,-,-,-,-,-,-,-,-,-,-,-,-,-,-,-,-,-,-,-,-,-,-,-,-,-,-,-,-,-,-,-
173,-,-,is it dangerous to travel,-,-,-,-,-,-,-,-,-,-,-,-,-,-,-,-,-,-,-,-,-,-,-,-,-,-,-,-,-,-,-,-,-,-,-,-,-,-,-,-,-,-,-,-,-,-,-,-,-,-,-,-,-,-,-,-,-,-
174,-,-,what is this rainbow thing that people are talking about,-,-,-,-,-,-,-,-,-,-,-,-,-,-,-,-,-,-,-,-,-,-,-,-,-,-,-,-,-,-,-,-,-,-,-,-,-,-,-,-,-,-,-,-,-,-,-,-,-,-,-,-,-,-,-,-,-,-
175,-,-,could we have done better?,-,-,-,-,-,-,-,-,-,-,-,-,-,-,-,-,-,-,-,-,-,-,-,-,-,-,-,-,-,-,-,-,-,-,-,-,-,-,-,-,-,-,-,-,-,-,-,-,-,-,-,-,-,-,-,-,-,-
176,-,-,What is the death rate in South Carolina?,-,-,-,-,-,-,-,-,-,-,-,-,-,-,-,-,-,-,-,-,-,-,-,-,-,-,-,-,-,-,-,-,-,-,-,-,-,-,-,-,-,-,-,-,-,-,-,-,-,-,-,-,-,-,-,-,-,-
177,-,-,How to stay safe,-,-,-,-,-,-,-,-,-,-,-,-,-,-,-,-,-,-,-,-,-,-,-,-,-,-,-,-,-,-,-,-,-,-,-,-,-,-,-,-,-,-,-,-,-,-,-,-,-,-,-,-,-,-,-,-,-,-
178,-,-,Should I stay home?,-,-,-,-,-,-,-,-,-,-,-,-,-,-,-,-,-,-,-,-,-,-,-,-,-,-,-,-,-,-,-,-,-,-,-,-,-,-,-,-,-,-,-,-,-,-,-,-,-,-,-,-,-,-,-,-,-,-
179,-,-,How can I protect myself ,-,-,-,-,-,-,-,-,-,-,-,-,-,-,-,-,-,-,-,-,-,-,-,-,-,-,-,-,-,-,-,-,-,-,-,-,-,-,-,-,-,-,-,-,-,-,-,-,-,-,-,-,-,-,-,-,-,-
