,cluster_#0,cluster_#1,cluster_#2,cluster_#3,cluster_#4,cluster_#5,cluster_#6,cluster_#7,cluster_#8,cluster_#9,cluster_#10,cluster_#11,cluster_#12,cluster_#13,cluster_#14,cluster_#15,cluster_#16,cluster_#17,cluster_#18,cluster_#19,cluster_#20,cluster_#21,cluster_#22,cluster_#23,cluster_#24,cluster_#25,cluster_#26,cluster_#27,cluster_#28,cluster_#29,cluster_#30,cluster_#31,cluster_#32,cluster_#33,cluster_#34,cluster_#35,cluster_#36,cluster_#37,cluster_#38,cluster_#39,cluster_#40,cluster_#41,cluster_#42,cluster_#43,cluster_#44,cluster_#45,cluster_#46,cluster_#47,cluster_#48,cluster_#49,cluster_#50,cluster_#51,cluster_#52,cluster_#53,cluster_#54,cluster_#55,cluster_#56,cluster_#57
Count,153,12,14,11,72,10,13,12,12,8,18,16,10,11,7,10,12,4,11,7,23,8,16,7,6,7,4,5,9,7,5,6,5,3,8,6,3,7,3,12,4,4,4,4,5,6,3,22,7,15,3,5,4,5,4,4,6,6
0,What are the synthoms?,Why Germany has a low death rate?,Are we going to have trouble buying milk? ,Why are death rates so different across countries?,Do you think Taiwan is good?,What mesures needs to take a pregnant women to reduce the risk?,How many cases in Quebec? ,how is going,How do I know if I haver coronavirus?,Is the Asymptomatic Carrier a temporary status? ,Does covid-19 test anonymous?,I am 43. Whatâ€™s the chance of my survival if I get covid. ,How long are you contagious if you have Coronavirus?,Do the virus stay in air?,Is there a vaccine for corona virus?,What's covid19?,How do people get infected with Coronavirus?,When will the cure be available ?,How many people have dies,Is it true that warm kills Coronavirus?,what is the death rate of the new corona virus,Does a throat feel itchy or really sore and a symptom ,Which country infected ? ,is coughing phlem a symptom?,What's the point of asking you questions if you don't have answers,How do I treat coronavirus?,Can I go for a run? Does running/exercise compromise my immune system? ,What are the best food to get good immune ,Will the heat of the summer help fighting the virus?,Is the virus infectious during incubation period?,When will the treatment be available for this pandemic?,when is this pandemic going to end?,What is the current situation of COVID-19 infections?,How deadly is the virus?,I think I have a fever. What do I do?,How long does it last? ,How is covid transmitted?,Does the virus spread by rain?,How's the shortness of breath?,what are the symptoms of COVID-19?,What is the impact that covid-19 has in the economy?,What is coronavirus ?,Can this virus infect me in an airborne fashion?,what is self monitoring?,Will social distancing slow the spread of covid-19?,What are the symptoms of vivid 19?,how can I prevent to get infected?,what is covid-19,What is the covid?,what are the symptoms,where did it start,I have fever what I should do,How can I make the difference between a cold and covid19?,Is covid very dangerous,I have cough. Does that mean I might be infected?,When should I go to the hospital?,How to protect my family from COVID-19?,Should I wear mask
1,covid19 symptons?,how many deaths are in Italy as of March 21,is the grocery open?,How can I differ between covid and normal flu ?,What is the incubation time of the virus?,Who is at risk?,How many cases in Montreal?,Am I allowed to go for a walk?,may I know what is corona?,If I fully recover from COVID-19 would I still be considered a carrier and transmit the virus?,Where are the testing centers located in Mtl?,Is it true that COVID-19 can survive up to a few days on hard surfaces?,I'd love to know how long I can be contagious?,Can the Covid survive in the air?,What is a vaccin becoming available?,What is Covid19,how many people positive result with COVID-19,In how many days can covid be cured? ,how many people died?,How does COVID-19 kill its victims?,Symptoms of corona,Is itchy throat sign of covid 19,Am I infected,I cough. is it Covid-19?,Do I have to ask a sclerotic question about traveling or something to get an answer ,who is at risk of dying after contracting the virus?,Option to run the questions for children ,My  father is 80 years and food is delivered to him daily. Can food containers and food itself be contaminated by COVID,What kind of medication can I take if I have the virus ?,What is the incubation period for COVID-19?,How long is the treatment?,when will the pandemic end?,what is canada's situation right now?,Is the virus deadly?,"I think I have coronavirus, should I go to the emergency",How long does it last once infected ?,How did this virus transmit?,How does it spread ?,I have shortness of breath but no fever,Symptoms of Covid ,Impact of covid,what are the symptoms of coronavirus,Is Covid19 an airborne? ,What is self-isolation?,what is social distancing?,Is fever the main symptom for vivid-19,how to prevent ?,What is Covid-19?,What is covid,What are the symptoms,How Covid-19 started?,"Must the fever-symptom related to COVID-19 be a continuous fever, or is it possible that the fever is short-lived?","My head hurts, my body aches a little and I feel a cold coming. How do I know if this is Covid-19 or just an ordinary cold?",is covid-19 dangerous,Will herd immunity be the only means of eradicating COVID-19?,should I go to the hospital?,How to protect myself on a plane,Do I need a mask?
2,What is it,What is the number of Covid19 cases in the wold,"How can I make sure, I am buying from grocery is safe from COVID-19 ",How do I know if I have the flu or coronavirus,Will Covid19 go away like the 1918 influenza and SARS did,How dangerous it is for pregnant womens?,how many cases are there in Washington state,Where should I go?,what do you know about COVID-19?,How long does it take to recover?,which hospital takes the test for covid 19?,When do I expect to hear back from you? ,How long before symptoms start to show? ,How long does the virus stay in paper money and coins?,How long will it take to develop a vaccine ? ,What are the symptoms of the covid19?,How many people are infected in Lithuania?,How can i cure covid-19?,What is the probability of dying?,Is it true that warm kills Coronavirus?,I have cold for couple of weeks. Have cough over night and regular mucous during day and night. Feel a bit hot but not fever that can be feel. Sometimes ear pain for infection. Some times get stressed on having corona. Does any of these symptoms suggest that? I have quarantined myself for over 10 days  ,I have throat ,What do I do if I suspect I'm infected?,What if I have cough ?,Doeas the software is automatic in English because I use an English device? If I ask in French the answer will be in French?,Can anti-viral drugs be used to treat the coronavirus?,Can I run outside,Is it safe to order food during the COVID-19 pandemic?,Can drinking alcohol helps COVID19? ,Whatâ€™s the incubation period? ,treatment for covid 19,When will this end,How about covid situations? ,How deadly is the virus?,I think Iâ€™m sick,How long will it last?,How is it transmitted?,how is covid 19 spread?,What should i do if i am short of breath?,What are the symptoms of Covid-19?,What will be th impact on international students?,What should I do if I have Coronavirus symptoms?,Is the virus airborne ,what is self isolation?,How long will social distancing measures last?,What are the main synptoms?,How to prevent the spread of COVID-19?,What is the COVID-19?,What is covid?,what are the symptoms,What should I do if I start coughing?,is fever a symptom of coronavirus? ,Do i have a covid or is it just a cold?,Why corona is so dangerous ,Does COVID-19 spread by means of gametes?,What is the nearest hospital to go to if I have a COVID-19?,how to protect myself from it ,Does a mask actually help if I'm not sick?
3,How to avoid exposure?,What is the mortality rate?,Will the groceries shut down?,Is there a different varient of virus which is spreading across the world,when covid 19 is going to stop?,Who is most at risk? ,How many cases in Montreal,Should I go to the ER or my physician directly if I'm infected?,How do I know if I have the corona virus,"If you recover from the virus, can you still be a carrier ",Is the test covered in in CIHIP?,How long does the virus live on clothes?,How many days can you be contagious without showing symptoms?,Does the  virus stay on clothing?,How long will it take for a vaccine to be produced?,What's covid19? ,how to interact with people,"Once you are cured from Covid-19, can you catch it again?",How does it die in asymptomatic people?,Will high temperature kill coronavirus?,Whats corona,"I am having sore throat, cold, cough, temperature is not stable continuously increases and decreases. So Do I need to go for a test?",Which country infected ? ,Is a cough but no fever a symptom?,How long does it takes to get first symptom of Covid-19 ,How effective is the new drug manufactured by Fujifilm Toyama Chemicals in treating COVID-19?,Is it safe to jog/run outside?,Can I get infected from food or grocery delivery?,where can I help?,What is the period of incubation?,what treatments are available for covid-19?,When this will ever end ,What is the situation right now in the world?,-,What should I do if i think that i'm infected ?,"How long the sickens last, m",-,How does COVID-19 spread?,-,What is the covid-19 symptoms? ,Impacts of it,what is coronavirus,Can I get the virus from breathing infected airborn particules,"If I'm in self-quarantine with mild symptoms of some sort of respiratory thing, when can I stop self-quarantining?",My employer is not implementing social distancing or safety measures in my workplace. What recourse do I have?,what are the main symptoms,-,what's is COVID-19?,What is covid,What are the symptoms ,-,What should I do if I have fever?,Who can I make the difference between a cold and covid19?,is it dangerous to travel,What is the meaning of COVID-19?,When should I go to the hospital ,How can I protect myself from the covid-19?,Is it useful to wear a mask if we are not sick?
4,South korea,What was the total number of deaths before and after the virus?,Do I need to disinfect things I buy like groceries and supplies?,How many patients are across the globe? ,if my tempreture is over 39 can i assume that i have covid-19 ?,What is the risk for a pregnant women?,How many case in montreal,When will it be ok to go outside?,How do I know if I have the covid-19,How long does it take an average person to recover?,Where should I be tested ?,How long am I infectious for,How long until an infected person shows symptoms?,Is staying at home mandatory?,How long before we have a vaccine for corona? ,What are the symptoms of covid19,how many people in America?,-,how many people have died in the US?,Is the virus vulnerable to high temperature?! Does steam cleaning the surfaces and cloths kills the virus?,What are the symptoms of Corona?,I have a sore throat. What do I do?,What is the estimated population that will be infected by the covid-19 virus?,I am coughing but I don't have fever. Could I have covid-19?,Why didn't you answer my first question?,"If you contract COVID-19, how do you treat yourself at home?",-,Is ordering food from a restaurant discouraged?,how much does corona virus stay on each kind of surfaces?,What is the incubation period? ,Is there a treatment for corona virus?,When will the pandemic end? ,What is the situation now in my country?,-,I think I have COVID,How long will the pandemic last?,-,is china responsible for the spreading of COVID-19?,-,What are the symptoms of COVID-19?,-,-,-,-,Can you see friends if you stick to the social distancing guidelines?,what are the main symptoms of coronavirus,-,Covid-19,Covid?,What are the symptoms,-,"I have a fever, what should I do now?",-,How dangerous is the COV-19?,-,-,What can we do to protect ourselves from COVID-19?,Do I have to wear a mask all the time if I am not infected?
5,What is,How many death in Quebec?,Are vet clinics still open?,How to differentiate between coronavirus and simple flu?,"As of today, can we gather only 2",What is the risk for an asthmatic ?,How many cases in Montreal ,if i have symptoms should i go to the ER or should I call a doctor?,How i know that i 'm ill,What is an Asymptomatic Carrier?,Where is the closest testing facility to me?,How long can the covid-19 survive outside the body,Can I be contagious even if I don't have symptoms? ,Is COVID-19 air-borne?,When is the vaccine available ?,What are the symptoms of covid19?,How many people have it in my town?,-,Can I die from Covid-19?,If I inhale a high concentration of soap bubbles would that kill the virus on contact in my lungs?,Why is it called Corona virus?,Is sore throats a symptom ,Can you get be infected more than once? ,"i am coughing, what should i do?",Which are its first symptoms?,What are the side-effects of hydroxychloroquine for treating COVID-19?,-,-,what kind of protective gear do i need to wear?,How long is incubation period? ,-,When will covid end? ,-,-,How long do you think we will have to be in a lockdown ,How long do the symptoms of COVID-19 last for?,-,How does Covid-19 spread?,-,what are the symptoms of covid-19,-,-,-,-,-,What is the main symptoms of the disease related to new coronavirus,-,What is covid 19?,What is covid,Symptoms,-,-,-,-,-,-,How can I protect myself ,"Why does the government think that we don't need to wear face masks when clearly citizens from countries that are able to contain the virus are all wearing face masks, regardless if they are sick or not"
6,Do we see a future where this virus won't be such a threat anymore? ,Number of cases in Inida,Could stores open a few hours a week for the elderly? ,What's the difference between COVID-19 and CoronaVirus?,what are the conditions under which people are most likely to develop complications versus those who wonâ€™t?  ,What are the risks for people with diabetes? ,How many cases in Quebec ,When should I go to the ER?,how to know if i have corona,How long does it take to recover?,Where can I get tested?,How long does the virus remain active and alive after attacking a human body?,Can we be contagious when we don't show symptoms?,"If I have symptoms and I am told to stay home, can I take Tylenol?",Is there a vaccine for corona virus?,What's covid19,How many COVID-19 related deaths have there been in Montreal?,-,how many people die for cover?,Does soap really kill the virus?,What are the symptoms of corona virus,I am feeling itchy around my body. Is it a symptom of covid? ,What is Covid-19 virus?),What to do when i gave cough,-,Can you die from contracting covid?,-,-,Is there any medication to take to help?,How long does this virus incubate? ,-,-,-,-,what should I do if I think I infected by corona virus?,-,-,how to prepare for spread of covid 19?,-,What are the symptoms of COVID-19?,-,-,-,-,-,-,-,What is COVID 19?,Do I have covid?,Symptom,-,-,-,-,-,-,-,-
7,Non,how many death now,What shall I do if I have to go out to buy things to protect myself from corona virus?,"What are differences in term of symptoms between the new coronavirus and normal flu, cod",Will the largest commercial suppliers in the country be urged to provide necessities for each household for delivery? We have Sobeyâ€™s Loblaw Amazon Walmart and Intelcom who do this today but in an unconcerted way. ,Are there any risk for the foetus? ,How many cases of covid in laval,Is it ok to go outside to get fresh air?,how to know that somebody have a corona,How does it take to recover from the virus?,"If I experience symptoms but they are manageable, should I still go to the hospital for testing?",How long does the virus survive on a surface like a doorknob?,"If I have covid-19, how long will I be contagious?",How long can the virus stay in the air,-,What is covid19?,How many people are infected in toronto,-,How many people died in NYC,-,Does the fever persists in corona ,I have a sore throat. Is that a sign of Covid19?,Can I get infected after I healed from it?,-,-,-,-,-,Does Wearing gloves help?,-,-,-,-,-,What to do if I think I have covid 19?,-,-,-,-,What are the symptoms of Covid-19?,-,-,-,-,-,-,-,what is covid-19 ?,-,What do I do if I have symptoms?,-,-,-,-,-,-,-,-
8,what are the syptoms?,"What are the daily death rates in Italy, that are Not from COVID19?",I am feeling sick ,What the different between corona and COVID_19?,Can I get the virus from a stray cat?,what is my level of risk?,How many cases are in spain ?,Is it safe to go outside for a walk (social distancing from others)?,How do I know I have covid?,-,where can I test for covid,"In this time of crisis, is it okay to feed the raccoons",How contagious is the virus?,Shall we stay where we are or travel to our home country?,-,What are the Symptom for covid19,how long people live after being infected by coronavirus,-,How many people died in Belgium?,-,I have fever 38Â°C. Is that corona virus symptoms?,-,Get I get infected from a dog?,-,-,-,-,-,Does eating Oranges daily help to fight this virus,-,-,-,-,-,-,-,-,-,-,symptoms of covid-19,-,-,-,-,-,-,-,What is COVID-19,-,What are symptoms ,-,-,-,-,-,-,-,-
9,How many infected person in south korea?,Mortality rate today,What should I do if I start feeling sick with similar symptoms as in covid19?,How do I distinguish between the flu and coronavirus?,What are the most common symptoms of COVID-19?,If I have diabetes am I at a higher risk? ,How many cases in Canada now ? ,Is it dangerous to go for a walk?,How do I know if I have been infected?,-,Where do we get the test for COVID-19?,how long does COVID-19 virus lasts in the body?,If you start showing flu symptoms should you consult a doctor or stay home?,Does covid transfer through air?,-,Covid19,how many case positive with COVID-19 ?,-,how many people have died,-,What is corona virus and COVID19,-,Can antibiotics deal with viral infection?,-,-,-,-,-,-,-,-,-,-,-,-,-,-,-,-,what are covid-19 symptoms?,-,-,-,-,-,-,-,Why Covid 19?,-,What are the Symptome ,-,-,-,-,-,-,-,-
10,Are there still flights within Canada?,What is the total number of deaths ,How long will I be sick if I get the virus,What is the difference between a bacteria and a virus?,I would like clarifications about the fact that test results don't work if you don't have symptoms. That does not seem like a commonality we usually see with tests like this.,-,What places of laval has covid-19,When can I go to my cabin?,How to know if I get COVID-19 or not?,-,List of Canadian hospitals treating (not testing) patients with COVID-19?,How long can the virus live?,-,Should I stay home?,-,-,how many people positive with Covid-19 in the world?,-,how many people died so far?,-,What is corona virus?,-,From the infected worldwide population what is the ratio that will need medical attention (eg. ICU or ventilators)?,-,-,-,-,-,-,-,-,-,-,-,-,-,-,-,-,what are covid symptoms,-,-,-,-,-,-,-,what is covid 19,-,Symptom,-,-,-,-,-,-,-,-
11,Precautions to measure? ,What is the death rate in South Carolina?,What should I use to disinfect grocery bags and grocery items? ,-,good morning,-,how many new cases,Is it safe to take a walk outside with my child?,How do I know when to get tested?,-,Were can I get tested? ,How long does COVID-19 live on glass surfaces?,-,-,-,-,how many people related covid-19,-,-,-,Corona virus characteristics,-,"If someone was infected once, can they be reinfected? Can they still carry the virus and infect others?",-,-,-,-,-,-,-,-,-,-,-,-,-,-,-,-,What are the symptoms of COVID-19,-,-,-,-,-,-,-,What is Covid 19,-,what is the symptoms?,-,-,-,-,-,-,-,-
12,How many confirmed cases in Ontario now?,-,is the liquor store open?,-,How severe is the virus? ,-,How many cases of coronavirus in Madagascar,-,-,-,I was very sick with covid symptoms in late February and still coughing . Should I go get tested,What do I have to expect after the disease?,-,-,-,-,-,-,-,-,is there a new form of corona virus?,-,"Does Pneumonia vaccine, which is for a bacterial infections, helps the immune system to deal with the viral infection of Covid-19 more easily? By removing the possibility of bacterial infection and just focusing on viral infection!",-,-,-,-,-,-,-,-,-,-,-,-,-,-,-,-,-,-,-,-,-,-,-,-,What is covid-19?,-,What are the symptoms?,-,-,-,-,-,-,-,-
13,"If Iâ€™m sneezing, should I get tested for corona virus?",-,What should I buy from the stores now that I feel sick?,-,What is the incubation time of covid-19 by age,-,-,-,-,-,"If my son if suppose to get tested tomorrow, but just starting to feel better. Can I cancel or should we still go?",Is there an estimate as to how long the crisis will last?,-,-,-,-,-,-,-,-,What's the current count in India,-,How covid-19 virus infected?,-,-,-,-,-,-,-,-,-,-,-,-,-,-,-,-,-,-,-,-,-,-,-,-,What is COVID 19,-,What are the symptoms,-,-,-,-,-,-,-,-
14,Is headache a symptom of this pandemic? ,-,-,-,I heard hydroxychloroquine is a good treatment for COVID-19. Where can I get it?,-,-,-,-,-,where can I get tested,is it made by human or by nature,-,-,-,-,-,-,-,-,can you please tell me symptoms of corona virus?,-,From the infected worldwide population what will be the ratio of asymptomatic people,-,-,-,-,-,-,-,-,-,-,-,-,-,-,-,-,-,-,-,-,-,-,-,-,About COVID-19,-,What are the symptoms,-,-,-,-,-,-,-,-
15,How much longer will society need to socially isolate?,-,-,-,Are research fundings going to be cut as a result of the virus?,-,-,-,-,-,"To get an idea of how widespread the virus is, why don't we simply test a random sample of people?",How long is this expected to last?,-,-,-,-,-,-,-,-,How many Canadians currently have corona virus?,-,How COVID-19 is infecting?,-,-,-,-,-,-,-,-,-,-,-,-,-,-,-,-,-,-,-,-,-,-,-,-,What is COVID-19?,-,-,-,-,-,-,-,-,-,-
16,mental health,-,-,-,age wise statistics for covid-19,-,-,-,-,-,What are covid-19 test centres location in Montreal?,-,-,-,-,-,-,-,-,-,Why is called COVID-19,-,-,-,-,-,-,-,-,-,-,-,-,-,-,-,-,-,-,-,-,-,-,-,-,-,-,what is covid-19,-,-,-,-,-,-,-,-,-,-
17,Chlono,-,-,-,What are the symptoms of SARS-COV-2,-,-,-,-,-,how i can test if i have the diease?,-,-,-,-,-,-,-,-,-,I'm feeling dizzy with fever do I have corona? ,-,-,-,-,-,-,-,-,-,-,-,-,-,-,-,-,-,-,-,-,-,-,-,-,-,-,What is covid-19?,-,-,-,-,-,-,-,-,-,-
18,Where can we find ventilator?,-,-,-,what are cov19 symptoms,-,-,-,-,-,-,-,-,-,-,-,-,-,-,-,What are the symptoms of corona virus,-,-,-,-,-,-,-,-,-,-,-,-,-,-,-,-,-,-,-,-,-,-,-,-,-,-,What is COVID-19?,-,-,-,-,-,-,-,-,-,-
19,Should I star home and even avoid going to the supermarket and drugstore?,-,-,-,"If I'm below the age of 30, will I notice symptoms if I'm sick?",-,-,-,-,-,-,-,-,-,-,-,-,-,-,-,What are the symptoms I should feel if I am infected with Corona virus?,-,-,-,-,-,-,-,-,-,-,-,-,-,-,-,-,-,-,-,-,-,-,-,-,-,-,what is covid-19,-,-,-,-,-,-,-,-,-,-
20,"In the U.S., why has the Defense Production Act not been invoked to allow weekly (?) testing of every single person present in The United States?  Yes, this is on the scale of industrialization of the WW2 era, and yes, that is *exactly* what the Defense Production Act is for.",-,-,-,Whatbare the symptoms,-,-,-,-,-,-,-,-,-,-,-,-,-,-,-,How is the corona virus being spread,-,-,-,-,-,-,-,-,-,-,-,-,-,-,-,-,-,-,-,-,-,-,-,-,-,-,Covid-19,-,-,-,-,-,-,-,-,-,-
21,why is my dick so big,-,-,-,How do I know if my chest is hurt because lung damage or another cause?,-,-,-,-,-,-,-,-,-,-,-,-,-,-,-,What is corona,-,-,-,-,-,-,-,-,-,-,-,-,-,-,-,-,-,-,-,-,-,-,-,-,-,-,Whatâ€™s COVID-19?,-,-,-,-,-,-,-,-,-,-
22,How often should i take my temperature?,-,-,-,I feel heaviness  in my chest nothing else from last 2 week ,-,-,-,-,-,-,-,-,-,-,-,-,-,-,-,What is corona,-,-,-,-,-,-,-,-,-,-,-,-,-,-,-,-,-,-,-,-,-,-,-,-,-,-,-,-,-,-,-,-,-,-,-,-,-
23,What is the advice surrounding outdoor exercise/sport?,-,-,-,Does COVID 19 cause stomach issues,-,-,-,-,-,-,-,-,-,-,-,-,-,-,-,-,-,-,-,-,-,-,-,-,-,-,-,-,-,-,-,-,-,-,-,-,-,-,-,-,-,-,-,-,-,-,-,-,-,-,-,-,-
24,Will NHS workers be even more isolated because they are exposed to the virus on a daily basis?,-,-,-,What are the early symptoms of COVID-19,-,-,-,-,-,-,-,-,-,-,-,-,-,-,-,-,-,-,-,-,-,-,-,-,-,-,-,-,-,-,-,-,-,-,-,-,-,-,-,-,-,-,-,-,-,-,-,-,-,-,-,-,-
25,"How long could the virus stay alive on doorknobs, traffic signal buttons, stair rails?",-,-,-, When should I consult after the vomitting symptoms for a 4 y-o child? ,-,-,-,-,-,-,-,-,-,-,-,-,-,-,-,-,-,-,-,-,-,-,-,-,-,-,-,-,-,-,-,-,-,-,-,-,-,-,-,-,-,-,-,-,-,-,-,-,-,-,-,-,-
26,When should I visit a doctor?,-,-,-,What are the real symptoms of covid-19 ,-,-,-,-,-,-,-,-,-,-,-,-,-,-,-,-,-,-,-,-,-,-,-,-,-,-,-,-,-,-,-,-,-,-,-,-,-,-,-,-,-,-,-,-,-,-,-,-,-,-,-,-,-
27,"Would it help eradicate viruses immediately if we put in place proper healthcare systems throughout every country, rich or poor, and to also have enough health professionals worldwide in place who will immediately recognize if there is a contagious virus in their city to eradicate it before it spreads?",-,-,-,Can you catch covid 19 after having had it before ,-,-,-,-,-,-,-,-,-,-,-,-,-,-,-,-,-,-,-,-,-,-,-,-,-,-,-,-,-,-,-,-,-,-,-,-,-,-,-,-,-,-,-,-,-,-,-,-,-,-,-,-,-
28,Is it safe for seniors to go out for a walk or inside shopping malls which are quite isolated these days?,-,-,-,Does my neighbour have covid-19 symptoms?,-,-,-,-,-,-,-,-,-,-,-,-,-,-,-,-,-,-,-,-,-,-,-,-,-,-,-,-,-,-,-,-,-,-,-,-,-,-,-,-,-,-,-,-,-,-,-,-,-,-,-,-,-
29,Can COVID-19 stay alive on fresh fruit and vegetables?,-,-,-,Where do I go if I have mild symptoms?,-,-,-,-,-,-,-,-,-,-,-,-,-,-,-,-,-,-,-,-,-,-,-,-,-,-,-,-,-,-,-,-,-,-,-,-,-,-,-,-,-,-,-,-,-,-,-,-,-,-,-,-,-
30,"Hello, what happens after corona?",-,-,-,what are the risks for someone aged 65?,-,-,-,-,-,-,-,-,-,-,-,-,-,-,-,-,-,-,-,-,-,-,-,-,-,-,-,-,-,-,-,-,-,-,-,-,-,-,-,-,-,-,-,-,-,-,-,-,-,-,-,-,-
31,I worry for my mental health during quarantine,-,-,-,What is the origin of COVID-19?,-,-,-,-,-,-,-,-,-,-,-,-,-,-,-,-,-,-,-,-,-,-,-,-,-,-,-,-,-,-,-,-,-,-,-,-,-,-,-,-,-,-,-,-,-,-,-,-,-,-,-,-,-
32,When will the schools reopen?,-,-,-,what is covid-2019,-,-,-,-,-,-,-,-,-,-,-,-,-,-,-,-,-,-,-,-,-,-,-,-,-,-,-,-,-,-,-,-,-,-,-,-,-,-,-,-,-,-,-,-,-,-,-,-,-,-,-,-,-
33,Is it true that you can get the virus again even after you've recovered ,-,-,-,how old are you?,-,-,-,-,-,-,-,-,-,-,-,-,-,-,-,-,-,-,-,-,-,-,-,-,-,-,-,-,-,-,-,-,-,-,-,-,-,-,-,-,-,-,-,-,-,-,-,-,-,-,-,-,-
34,Does Quebec Health Public System have the capacity to fight this COVID-19 outbreak ?,-,-,-,Can my cat get the virus?,-,-,-,-,-,-,-,-,-,-,-,-,-,-,-,-,-,-,-,-,-,-,-,-,-,-,-,-,-,-,-,-,-,-,-,-,-,-,-,-,-,-,-,-,-,-,-,-,-,-,-,-,-
35,When will be done?,-,-,-,What is covid 29,-,-,-,-,-,-,-,-,-,-,-,-,-,-,-,-,-,-,-,-,-,-,-,-,-,-,-,-,-,-,-,-,-,-,-,-,-,-,-,-,-,-,-,-,-,-,-,-,-,-,-,-,-
36,Does temperature has any effect on the virus,-,-,-,My brother has COVID-19. What to do?,-,-,-,-,-,-,-,-,-,-,-,-,-,-,-,-,-,-,-,-,-,-,-,-,-,-,-,-,-,-,-,-,-,-,-,-,-,-,-,-,-,-,-,-,-,-,-,-,-,-,-,-,-
37,Why is Trudeau asleep?,-,-,-,"if someone had pneumonia before, are they more at risk?",-,-,-,-,-,-,-,-,-,-,-,-,-,-,-,-,-,-,-,-,-,-,-,-,-,-,-,-,-,-,-,-,-,-,-,-,-,-,-,-,-,-,-,-,-,-,-,-,-,-,-,-,-
38,Is ACE Inhibitor harmful ,-,-,-,Can you smoke cannabis during Covid?,-,-,-,-,-,-,-,-,-,-,-,-,-,-,-,-,-,-,-,-,-,-,-,-,-,-,-,-,-,-,-,-,-,-,-,-,-,-,-,-,-,-,-,-,-,-,-,-,-,-,-,-,-
39,Will 1 meter distancing safe?,-,-,-,Will people on LTD (Long Term Disability) drill receive their payments?,-,-,-,-,-,-,-,-,-,-,-,-,-,-,-,-,-,-,-,-,-,-,-,-,-,-,-,-,-,-,-,-,-,-,-,-,-,-,-,-,-,-,-,-,-,-,-,-,-,-,-,-,-
40,How does COVID-19 affect lungs? And how do you see this pandemic will impact the world's economy?,-,-,-,What are the covid simptons?,-,-,-,-,-,-,-,-,-,-,-,-,-,-,-,-,-,-,-,-,-,-,-,-,-,-,-,-,-,-,-,-,-,-,-,-,-,-,-,-,-,-,-,-,-,-,-,-,-,-,-,-,-
41,Does taking high doses of vitamin C and D help fighting the disease? As an immune system booster! Is there any study on that?,-,-,-,"I would like to get COVID19 test, where can I get it?",-,-,-,-,-,-,-,-,-,-,-,-,-,-,-,-,-,-,-,-,-,-,-,-,-,-,-,-,-,-,-,-,-,-,-,-,-,-,-,-,-,-,-,-,-,-,-,-,-,-,-,-,-
42,Will there be any changes in PGWP?,-,-,-,What do I do if someone with COVID-19 spotted?,-,-,-,-,-,-,-,-,-,-,-,-,-,-,-,-,-,-,-,-,-,-,-,-,-,-,-,-,-,-,-,-,-,-,-,-,-,-,-,-,-,-,-,-,-,-,-,-,-,-,-,-,-
43,what is canada quarantine policy?,-,-,-,What COVID-19 stands for?,-,-,-,-,-,-,-,-,-,-,-,-,-,-,-,-,-,-,-,-,-,-,-,-,-,-,-,-,-,-,-,-,-,-,-,-,-,-,-,-,-,-,-,-,-,-,-,-,-,-,-,-,-
44,My sister-in-law is pregnant and lives in a house with extended family where one member is isolated due to possible contact with someone with COVID-19. Are the risks for pregnant woman Higher? How can she protect?,-,-,-,"On a recent study published in ""Nature"" ,it says that the severity of symptoms of COVID-19 infection depends on how much is your Angiotensin converting enzyme 2 gene is expressed ,my question is ,on what factors does the rate of ACE2 gene expression depends? I",-,-,-,-,-,-,-,-,-,-,-,-,-,-,-,-,-,-,-,-,-,-,-,-,-,-,-,-,-,-,-,-,-,-,-,-,-,-,-,-,-,-,-,-,-,-,-,-,-,-,-,-,-
45,Will the virus affect my sexual ability ,-,-,-,Do the symptoms start suddenly or they progress slowly from one day to another? ,-,-,-,-,-,-,-,-,-,-,-,-,-,-,-,-,-,-,-,-,-,-,-,-,-,-,-,-,-,-,-,-,-,-,-,-,-,-,-,-,-,-,-,-,-,-,-,-,-,-,-,-,-
46,What have you implemented to help older people who do not know how to use the internet/phone to obtain their groceries and medicine?,-,-,-,"If I catch the virus, will I be immune from getting it again?   ",-,-,-,-,-,-,-,-,-,-,-,-,-,-,-,-,-,-,-,-,-,-,-,-,-,-,-,-,-,-,-,-,-,-,-,-,-,-,-,-,-,-,-,-,-,-,-,-,-,-,-,-,-
47,what is this site,-,-,-,What are you symtoms of covid? ,-,-,-,-,-,-,-,-,-,-,-,-,-,-,-,-,-,-,-,-,-,-,-,-,-,-,-,-,-,-,-,-,-,-,-,-,-,-,-,-,-,-,-,-,-,-,-,-,-,-,-,-,-
48,Are there any federal or provincial services to help senior citizens get grocery safely?,-,-,-,Is there more than one strain of COVID-19?,-,-,-,-,-,-,-,-,-,-,-,-,-,-,-,-,-,-,-,-,-,-,-,-,-,-,-,-,-,-,-,-,-,-,-,-,-,-,-,-,-,-,-,-,-,-,-,-,-,-,-,-,-
49,How long do we need social distanciation for the virus to be less of a threat? ,-,-,-,What colour is covid 19?,-,-,-,-,-,-,-,-,-,-,-,-,-,-,-,-,-,-,-,-,-,-,-,-,-,-,-,-,-,-,-,-,-,-,-,-,-,-,-,-,-,-,-,-,-,-,-,-,-,-,-,-,-
50,What should I do?,-,-,-,"Iâ€™ve have mild cough and not the continuous one. And symptoms of fever like burning eyes, but not the temperature. What do I do?",-,-,-,-,-,-,-,-,-,-,-,-,-,-,-,-,-,-,-,-,-,-,-,-,-,-,-,-,-,-,-,-,-,-,-,-,-,-,-,-,-,-,-,-,-,-,-,-,-,-,-,-,-
51,how are you,-,-,-,Infomation about covid,-,-,-,-,-,-,-,-,-,-,-,-,-,-,-,-,-,-,-,-,-,-,-,-,-,-,-,-,-,-,-,-,-,-,-,-,-,-,-,-,-,-,-,-,-,-,-,-,-,-,-,-,-
52,Can you explain to me what is the covid19?,-,-,-,hat should I do if my 2 year old child starts having a runny nose?,-,-,-,-,-,-,-,-,-,-,-,-,-,-,-,-,-,-,-,-,-,-,-,-,-,-,-,-,-,-,-,-,-,-,-,-,-,-,-,-,-,-,-,-,-,-,-,-,-,-,-,-,-
53,I need to take a blood test. Is there a large risk for infection?,-,-,-,Is it possible to have Covid-19 if you only have one of the symptoms?,-,-,-,-,-,-,-,-,-,-,-,-,-,-,-,-,-,-,-,-,-,-,-,-,-,-,-,-,-,-,-,-,-,-,-,-,-,-,-,-,-,-,-,-,-,-,-,-,-,-,-,-,-
54,Will it get better in summer with higher temperatures?,-,-,-,What the size,-,-,-,-,-,-,-,-,-,-,-,-,-,-,-,-,-,-,-,-,-,-,-,-,-,-,-,-,-,-,-,-,-,-,-,-,-,-,-,-,-,-,-,-,-,-,-,-,-,-,-,-,-
55,Hypertension ,-,-,-,I have a lot of stress regarding COVID-19,-,-,-,-,-,-,-,-,-,-,-,-,-,-,-,-,-,-,-,-,-,-,-,-,-,-,-,-,-,-,-,-,-,-,-,-,-,-,-,-,-,-,-,-,-,-,-,-,-,-,-,-,-
56,Should I take the metro?,-,-,-,what are the symtoms,-,-,-,-,-,-,-,-,-,-,-,-,-,-,-,-,-,-,-,-,-,-,-,-,-,-,-,-,-,-,-,-,-,-,-,-,-,-,-,-,-,-,-,-,-,-,-,-,-,-,-,-,-
57,Is it safe to get a new job that deals with the public?,-,-,-,What's a waiting time to get covid-19 results?,-,-,-,-,-,-,-,-,-,-,-,-,-,-,-,-,-,-,-,-,-,-,-,-,-,-,-,-,-,-,-,-,-,-,-,-,-,-,-,-,-,-,-,-,-,-,-,-,-,-,-,-,-
58,Has the virus evolved,-,-,-,When will it stop spreading? Is 2 weeks enough? ,-,-,-,-,-,-,-,-,-,-,-,-,-,-,-,-,-,-,-,-,-,-,-,-,-,-,-,-,-,-,-,-,-,-,-,-,-,-,-,-,-,-,-,-,-,-,-,-,-,-,-,-,-
59,How do we best organize people so that duplicate work is not being done?,-,-,-,Does the amount of virus one is exposed to change the severity of the symptoms?,-,-,-,-,-,-,-,-,-,-,-,-,-,-,-,-,-,-,-,-,-,-,-,-,-,-,-,-,-,-,-,-,-,-,-,-,-,-,-,-,-,-,-,-,-,-,-,-,-,-,-,-,-
60,How am I supposed to work while I have two young children at home?,-,-,-,what has caused it,-,-,-,-,-,-,-,-,-,-,-,-,-,-,-,-,-,-,-,-,-,-,-,-,-,-,-,-,-,-,-,-,-,-,-,-,-,-,-,-,-,-,-,-,-,-,-,-,-,-,-,-,-
61,How many thing you do not understand,-,-,-,What is most usual symptom of Covid-19 ,-,-,-,-,-,-,-,-,-,-,-,-,-,-,-,-,-,-,-,-,-,-,-,-,-,-,-,-,-,-,-,-,-,-,-,-,-,-,-,-,-,-,-,-,-,-,-,-,-,-,-,-,-
62,"Do we have this epidemic, and many more to come, because we're not taking care of the earth, we're destroying more and more trees, and humans are eating more wild animals that have viruses, per a talk from Alanna Shaikh?",-,-,-,how can one fight the virus ,-,-,-,-,-,-,-,-,-,-,-,-,-,-,-,-,-,-,-,-,-,-,-,-,-,-,-,-,-,-,-,-,-,-,-,-,-,-,-,-,-,-,-,-,-,-,-,-,-,-,-,-,-
63,waht are thenoptiin to disinfect hands and surfaces other than soap and alcohol,-,-,-,What about the researches with respect to treatment of COVID-19,-,-,-,-,-,-,-,-,-,-,-,-,-,-,-,-,-,-,-,-,-,-,-,-,-,-,-,-,-,-,-,-,-,-,-,-,-,-,-,-,-,-,-,-,-,-,-,-,-,-,-,-,-
64,Where did COVID-19 come from?,-,-,-,COVID-19 stands for what?,-,-,-,-,-,-,-,-,-,-,-,-,-,-,-,-,-,-,-,-,-,-,-,-,-,-,-,-,-,-,-,-,-,-,-,-,-,-,-,-,-,-,-,-,-,-,-,-,-,-,-,-,-
65,"If I am starting to breath heavily, should I get it checked out?",-,-,-,"My COVID-19 test results are pending, and my temperature reached 40C. What should I do?",-,-,-,-,-,-,-,-,-,-,-,-,-,-,-,-,-,-,-,-,-,-,-,-,-,-,-,-,-,-,-,-,-,-,-,-,-,-,-,-,-,-,-,-,-,-,-,-,-,-,-,-,-
66,What precautions should I take with things delivered at home?,-,-,-,"When having covid-19, What are the next possible symptoms for a 4 years old child",-,-,-,-,-,-,-,-,-,-,-,-,-,-,-,-,-,-,-,-,-,-,-,-,-,-,-,-,-,-,-,-,-,-,-,-,-,-,-,-,-,-,-,-,-,-,-,-,-,-,-,-,-
67,who needs to be isolated?,-,-,-,How long after testing do you receive your COVID-19 results? ,-,-,-,-,-,-,-,-,-,-,-,-,-,-,-,-,-,-,-,-,-,-,-,-,-,-,-,-,-,-,-,-,-,-,-,-,-,-,-,-,-,-,-,-,-,-,-,-,-,-,-,-,-
68,Should I not touch my mail?,-,-,-,What is the likelihood of having covid if only showing one symptoms for example dry cough,-,-,-,-,-,-,-,-,-,-,-,-,-,-,-,-,-,-,-,-,-,-,-,-,-,-,-,-,-,-,-,-,-,-,-,-,-,-,-,-,-,-,-,-,-,-,-,-,-,-,-,-,-
69,"If there are kids around me, do I have to worry if they are infected and I do not know?",-,-,-,Can I get Ovid 19 if someone pets my dog and then I pet her? ,-,-,-,-,-,-,-,-,-,-,-,-,-,-,-,-,-,-,-,-,-,-,-,-,-,-,-,-,-,-,-,-,-,-,-,-,-,-,-,-,-,-,-,-,-,-,-,-,-,-,-,-,-
70,Isn't the economy impact (and the panic reaction) going to kill more than the virus? It seems the virus only kills 1%... while over 30% of the population might lose their jobs.,-,-,-,What are the top symptoms ,-,-,-,-,-,-,-,-,-,-,-,-,-,-,-,-,-,-,-,-,-,-,-,-,-,-,-,-,-,-,-,-,-,-,-,-,-,-,-,-,-,-,-,-,-,-,-,-,-,-,-,-,-
71,Do I need to stay away from my family members if we're all social distancing together in the house?,-,-,-,"If I cross someone on the street, how are the chance to catch the virus ?",-,-,-,-,-,-,-,-,-,-,-,-,-,-,-,-,-,-,-,-,-,-,-,-,-,-,-,-,-,-,-,-,-,-,-,-,-,-,-,-,-,-,-,-,-,-,-,-,-,-,-,-,-
72,"Hello, I am social distancing and taking precautions, however I have to share a communal sink. I try to stay as safe as possible by cleaning it, but I have touched the knobs with my bare hands without thinking, can germs spread this way? Should I avoid the sink in general? Thank you! ",-,-,-,-,-,-,-,-,-,-,-,-,-,-,-,-,-,-,-,-,-,-,-,-,-,-,-,-,-,-,-,-,-,-,-,-,-,-,-,-,-,-,-,-,-,-,-,-,-,-,-,-,-,-,-,-,-
73,I have Hashimoto's hypothyroiditis. Am I more at risk? I also had a PE due to Fv-leiden and oral contraceptives in 2001...what do you recommend I do?,-,-,-,-,-,-,-,-,-,-,-,-,-,-,-,-,-,-,-,-,-,-,-,-,-,-,-,-,-,-,-,-,-,-,-,-,-,-,-,-,-,-,-,-,-,-,-,-,-,-,-,-,-,-,-,-,-
74,What are effective immunity boosters?,-,-,-,-,-,-,-,-,-,-,-,-,-,-,-,-,-,-,-,-,-,-,-,-,-,-,-,-,-,-,-,-,-,-,-,-,-,-,-,-,-,-,-,-,-,-,-,-,-,-,-,-,-,-,-,-,-
75,What is the current COVID-19 confirmed cases trend for Canada?,-,-,-,-,-,-,-,-,-,-,-,-,-,-,-,-,-,-,-,-,-,-,-,-,-,-,-,-,-,-,-,-,-,-,-,-,-,-,-,-,-,-,-,-,-,-,-,-,-,-,-,-,-,-,-,-,-
76,When should I contact a doctor?,-,-,-,-,-,-,-,-,-,-,-,-,-,-,-,-,-,-,-,-,-,-,-,-,-,-,-,-,-,-,-,-,-,-,-,-,-,-,-,-,-,-,-,-,-,-,-,-,-,-,-,-,-,-,-,-,-
77,Were there documented cases before January 2020?,-,-,-,-,-,-,-,-,-,-,-,-,-,-,-,-,-,-,-,-,-,-,-,-,-,-,-,-,-,-,-,-,-,-,-,-,-,-,-,-,-,-,-,-,-,-,-,-,-,-,-,-,-,-,-,-,-
78,How should I keep my family safe during covid-19?,-,-,-,-,-,-,-,-,-,-,-,-,-,-,-,-,-,-,-,-,-,-,-,-,-,-,-,-,-,-,-,-,-,-,-,-,-,-,-,-,-,-,-,-,-,-,-,-,-,-,-,-,-,-,-,-,-
79,Does everyone infected need a respirator?,-,-,-,-,-,-,-,-,-,-,-,-,-,-,-,-,-,-,-,-,-,-,-,-,-,-,-,-,-,-,-,-,-,-,-,-,-,-,-,-,-,-,-,-,-,-,-,-,-,-,-,-,-,-,-,-,-
80,Is it safe to give blood?,-,-,-,-,-,-,-,-,-,-,-,-,-,-,-,-,-,-,-,-,-,-,-,-,-,-,-,-,-,-,-,-,-,-,-,-,-,-,-,-,-,-,-,-,-,-,-,-,-,-,-,-,-,-,-,-,-
81,"I'm hot, what do I do?",-,-,-,-,-,-,-,-,-,-,-,-,-,-,-,-,-,-,-,-,-,-,-,-,-,-,-,-,-,-,-,-,-,-,-,-,-,-,-,-,-,-,-,-,-,-,-,-,-,-,-,-,-,-,-,-,-
82,how long would it take for the virus to disappear ? ,-,-,-,-,-,-,-,-,-,-,-,-,-,-,-,-,-,-,-,-,-,-,-,-,-,-,-,-,-,-,-,-,-,-,-,-,-,-,-,-,-,-,-,-,-,-,-,-,-,-,-,-,-,-,-,-,-
83,Should I be worried about getting sick if the government does not lock down everything?,-,-,-,-,-,-,-,-,-,-,-,-,-,-,-,-,-,-,-,-,-,-,-,-,-,-,-,-,-,-,-,-,-,-,-,-,-,-,-,-,-,-,-,-,-,-,-,-,-,-,-,-,-,-,-,-,-
84,How fast will the pandemic spread in Canada?,-,-,-,-,-,-,-,-,-,-,-,-,-,-,-,-,-,-,-,-,-,-,-,-,-,-,-,-,-,-,-,-,-,-,-,-,-,-,-,-,-,-,-,-,-,-,-,-,-,-,-,-,-,-,-,-,-
85,How many days should I isolate for,-,-,-,-,-,-,-,-,-,-,-,-,-,-,-,-,-,-,-,-,-,-,-,-,-,-,-,-,-,-,-,-,-,-,-,-,-,-,-,-,-,-,-,-,-,-,-,-,-,-,-,-,-,-,-,-,-
86,What is the half-life of coronavirus?,-,-,-,-,-,-,-,-,-,-,-,-,-,-,-,-,-,-,-,-,-,-,-,-,-,-,-,-,-,-,-,-,-,-,-,-,-,-,-,-,-,-,-,-,-,-,-,-,-,-,-,-,-,-,-,-,-
87,How much it's prevelent in Pakistan?,-,-,-,-,-,-,-,-,-,-,-,-,-,-,-,-,-,-,-,-,-,-,-,-,-,-,-,-,-,-,-,-,-,-,-,-,-,-,-,-,-,-,-,-,-,-,-,-,-,-,-,-,-,-,-,-,-
88,what is pandemic,-,-,-,-,-,-,-,-,-,-,-,-,-,-,-,-,-,-,-,-,-,-,-,-,-,-,-,-,-,-,-,-,-,-,-,-,-,-,-,-,-,-,-,-,-,-,-,-,-,-,-,-,-,-,-,-,-
89,I am in self isolation.   Is it ok to let in family members who must continue to go to work?,-,-,-,-,-,-,-,-,-,-,-,-,-,-,-,-,-,-,-,-,-,-,-,-,-,-,-,-,-,-,-,-,-,-,-,-,-,-,-,-,-,-,-,-,-,-,-,-,-,-,-,-,-,-,-,-,-
90,what is the risk for a pregnent woman ?,-,-,-,-,-,-,-,-,-,-,-,-,-,-,-,-,-,-,-,-,-,-,-,-,-,-,-,-,-,-,-,-,-,-,-,-,-,-,-,-,-,-,-,-,-,-,-,-,-,-,-,-,-,-,-,-,-
91,When will life get back to normal?,-,-,-,-,-,-,-,-,-,-,-,-,-,-,-,-,-,-,-,-,-,-,-,-,-,-,-,-,-,-,-,-,-,-,-,-,-,-,-,-,-,-,-,-,-,-,-,-,-,-,-,-,-,-,-,-,-
92,Will the pandemic affect university research?,-,-,-,-,-,-,-,-,-,-,-,-,-,-,-,-,-,-,-,-,-,-,-,-,-,-,-,-,-,-,-,-,-,-,-,-,-,-,-,-,-,-,-,-,-,-,-,-,-,-,-,-,-,-,-,-,-
93,Can you get the virus twice ? ,-,-,-,-,-,-,-,-,-,-,-,-,-,-,-,-,-,-,-,-,-,-,-,-,-,-,-,-,-,-,-,-,-,-,-,-,-,-,-,-,-,-,-,-,-,-,-,-,-,-,-,-,-,-,-,-,-
94,"Would it help to ensure there is a warehouse already filled with protective gear for health professionals worldwide, instead of scrambling, or ordering these last minute, and also have enough hospitals built, because if we don't do that, we'll have to do what China did and build a hospital at the last minute?",-,-,-,-,-,-,-,-,-,-,-,-,-,-,-,-,-,-,-,-,-,-,-,-,-,-,-,-,-,-,-,-,-,-,-,-,-,-,-,-,-,-,-,-,-,-,-,-,-,-,-,-,-,-,-,-,-
95,When will we be back to work?,-,-,-,-,-,-,-,-,-,-,-,-,-,-,-,-,-,-,-,-,-,-,-,-,-,-,-,-,-,-,-,-,-,-,-,-,-,-,-,-,-,-,-,-,-,-,-,-,-,-,-,-,-,-,-,-,-
96,I recently relocated to Quebec. Can I request RAMQ card with visiting the RAMQ office?,-,-,-,-,-,-,-,-,-,-,-,-,-,-,-,-,-,-,-,-,-,-,-,-,-,-,-,-,-,-,-,-,-,-,-,-,-,-,-,-,-,-,-,-,-,-,-,-,-,-,-,-,-,-,-,-,-
97,Do I need to wash my vegetables and fruits?,-,-,-,-,-,-,-,-,-,-,-,-,-,-,-,-,-,-,-,-,-,-,-,-,-,-,-,-,-,-,-,-,-,-,-,-,-,-,-,-,-,-,-,-,-,-,-,-,-,-,-,-,-,-,-,-,-
98,WHat is your name,-,-,-,-,-,-,-,-,-,-,-,-,-,-,-,-,-,-,-,-,-,-,-,-,-,-,-,-,-,-,-,-,-,-,-,-,-,-,-,-,-,-,-,-,-,-,-,-,-,-,-,-,-,-,-,-,-
99,"What are the demographics of people infected, hospitalized and deceased in Quebec, ",-,-,-,-,-,-,-,-,-,-,-,-,-,-,-,-,-,-,-,-,-,-,-,-,-,-,-,-,-,-,-,-,-,-,-,-,-,-,-,-,-,-,-,-,-,-,-,-,-,-,-,-,-,-,-,-,-
100,How are you?,-,-,-,-,-,-,-,-,-,-,-,-,-,-,-,-,-,-,-,-,-,-,-,-,-,-,-,-,-,-,-,-,-,-,-,-,-,-,-,-,-,-,-,-,-,-,-,-,-,-,-,-,-,-,-,-,-
101,Should I use asprin with I have the coronavirus?,-,-,-,-,-,-,-,-,-,-,-,-,-,-,-,-,-,-,-,-,-,-,-,-,-,-,-,-,-,-,-,-,-,-,-,-,-,-,-,-,-,-,-,-,-,-,-,-,-,-,-,-,-,-,-,-,-
102,What's happen for country near the Ecuador with a lot of hot? ,-,-,-,-,-,-,-,-,-,-,-,-,-,-,-,-,-,-,-,-,-,-,-,-,-,-,-,-,-,-,-,-,-,-,-,-,-,-,-,-,-,-,-,-,-,-,-,-,-,-,-,-,-,-,-,-,-
103,"im sneezing, should i be worried?",-,-,-,-,-,-,-,-,-,-,-,-,-,-,-,-,-,-,-,-,-,-,-,-,-,-,-,-,-,-,-,-,-,-,-,-,-,-,-,-,-,-,-,-,-,-,-,-,-,-,-,-,-,-,-,-,-
104,Do I need to be seen by a doctor,-,-,-,-,-,-,-,-,-,-,-,-,-,-,-,-,-,-,-,-,-,-,-,-,-,-,-,-,-,-,-,-,-,-,-,-,-,-,-,-,-,-,-,-,-,-,-,-,-,-,-,-,-,-,-,-,-
105,Can I fo,-,-,-,-,-,-,-,-,-,-,-,-,-,-,-,-,-,-,-,-,-,-,-,-,-,-,-,-,-,-,-,-,-,-,-,-,-,-,-,-,-,-,-,-,-,-,-,-,-,-,-,-,-,-,-,-,-
106,"What measures can I take, if someone I know is effected with the virus",-,-,-,-,-,-,-,-,-,-,-,-,-,-,-,-,-,-,-,-,-,-,-,-,-,-,-,-,-,-,-,-,-,-,-,-,-,-,-,-,-,-,-,-,-,-,-,-,-,-,-,-,-,-,-,-,-
107,"I was in contact with a person who had coronavirus, what should I do? ",-,-,-,-,-,-,-,-,-,-,-,-,-,-,-,-,-,-,-,-,-,-,-,-,-,-,-,-,-,-,-,-,-,-,-,-,-,-,-,-,-,-,-,-,-,-,-,-,-,-,-,-,-,-,-,-,-
108,What is your name,-,-,-,-,-,-,-,-,-,-,-,-,-,-,-,-,-,-,-,-,-,-,-,-,-,-,-,-,-,-,-,-,-,-,-,-,-,-,-,-,-,-,-,-,-,-,-,-,-,-,-,-,-,-,-,-,-
109,Can I go out after recovery even if I am still in quarantine time?,-,-,-,-,-,-,-,-,-,-,-,-,-,-,-,-,-,-,-,-,-,-,-,-,-,-,-,-,-,-,-,-,-,-,-,-,-,-,-,-,-,-,-,-,-,-,-,-,-,-,-,-,-,-,-,-,-
110,How long has the virus been spreading in Canada?,-,-,-,-,-,-,-,-,-,-,-,-,-,-,-,-,-,-,-,-,-,-,-,-,-,-,-,-,-,-,-,-,-,-,-,-,-,-,-,-,-,-,-,-,-,-,-,-,-,-,-,-,-,-,-,-,-
111,Would using heated-vapor humidifier help with sanitizing the sinuses of the covid-19?,-,-,-,-,-,-,-,-,-,-,-,-,-,-,-,-,-,-,-,-,-,-,-,-,-,-,-,-,-,-,-,-,-,-,-,-,-,-,-,-,-,-,-,-,-,-,-,-,-,-,-,-,-,-,-,-,-
112,"What is the difference between a pandemic & epidemic? Why did WHO declare this a pandemic? What is the difference between social distancing, self-isolating and quarantine? To what extent is social distancing helpful? Why should I do this? When should you self-isolate? Will the virus be less effective when we get warmer weather?  When should I go to the hospital? Should I get tested if I was in contact with someone who has or is suspected of having covid19 (but do not have any symptoms)? Should I stop taking medications that suppress my immune system?  When someone in the household is coming and going (for work), how can we keep the home a safe place? Can the virus be transmitted through Air Conditioning? (from outside or from within the home) How long does the virus last on inanimate objects (plastic, glass, cardboard, metal)? What have we learned from countries like China, South Korea and Singapore that have been dealing with this for a longer period of time and have slowed the spread?",-,-,-,-,-,-,-,-,-,-,-,-,-,-,-,-,-,-,-,-,-,-,-,-,-,-,-,-,-,-,-,-,-,-,-,-,-,-,-,-,-,-,-,-,-,-,-,-,-,-,-,-,-,-,-,-,-
113,How do i knew if i got covid,-,-,-,-,-,-,-,-,-,-,-,-,-,-,-,-,-,-,-,-,-,-,-,-,-,-,-,-,-,-,-,-,-,-,-,-,-,-,-,-,-,-,-,-,-,-,-,-,-,-,-,-,-,-,-,-,-
114,My son is flying from Kansas to England on the 30th April. He is flying into Heathrow and then travelling home to Manchester by train,-,-,-,-,-,-,-,-,-,-,-,-,-,-,-,-,-,-,-,-,-,-,-,-,-,-,-,-,-,-,-,-,-,-,-,-,-,-,-,-,-,-,-,-,-,-,-,-,-,-,-,-,-,-,-,-,-
115,I have a headache for the past 3 days should I be tested ? ,-,-,-,-,-,-,-,-,-,-,-,-,-,-,-,-,-,-,-,-,-,-,-,-,-,-,-,-,-,-,-,-,-,-,-,-,-,-,-,-,-,-,-,-,-,-,-,-,-,-,-,-,-,-,-,-,-
116,Is it possible to be infected again?,-,-,-,-,-,-,-,-,-,-,-,-,-,-,-,-,-,-,-,-,-,-,-,-,-,-,-,-,-,-,-,-,-,-,-,-,-,-,-,-,-,-,-,-,-,-,-,-,-,-,-,-,-,-,-,-,-
117,When will the municipalities post heat maps to identify hot spots for Covid positive residents?,-,-,-,-,-,-,-,-,-,-,-,-,-,-,-,-,-,-,-,-,-,-,-,-,-,-,-,-,-,-,-,-,-,-,-,-,-,-,-,-,-,-,-,-,-,-,-,-,-,-,-,-,-,-,-,-,-
118,Have there been any deceased children so far?,-,-,-,-,-,-,-,-,-,-,-,-,-,-,-,-,-,-,-,-,-,-,-,-,-,-,-,-,-,-,-,-,-,-,-,-,-,-,-,-,-,-,-,-,-,-,-,-,-,-,-,-,-,-,-,-,-
119,Should I use Sudafed?,-,-,-,-,-,-,-,-,-,-,-,-,-,-,-,-,-,-,-,-,-,-,-,-,-,-,-,-,-,-,-,-,-,-,-,-,-,-,-,-,-,-,-,-,-,-,-,-,-,-,-,-,-,-,-,-,-
120,When this virus terminated?,-,-,-,-,-,-,-,-,-,-,-,-,-,-,-,-,-,-,-,-,-,-,-,-,-,-,-,-,-,-,-,-,-,-,-,-,-,-,-,-,-,-,-,-,-,-,-,-,-,-,-,-,-,-,-,-,-
121,Suffering from trout echiting,-,-,-,-,-,-,-,-,-,-,-,-,-,-,-,-,-,-,-,-,-,-,-,-,-,-,-,-,-,-,-,-,-,-,-,-,-,-,-,-,-,-,-,-,-,-,-,-,-,-,-,-,-,-,-,-,-
122,i have some headeche,-,-,-,-,-,-,-,-,-,-,-,-,-,-,-,-,-,-,-,-,-,-,-,-,-,-,-,-,-,-,-,-,-,-,-,-,-,-,-,-,-,-,-,-,-,-,-,-,-,-,-,-,-,-,-,-,-
123,It would possible to predict the time of this pandemic?,-,-,-,-,-,-,-,-,-,-,-,-,-,-,-,-,-,-,-,-,-,-,-,-,-,-,-,-,-,-,-,-,-,-,-,-,-,-,-,-,-,-,-,-,-,-,-,-,-,-,-,-,-,-,-,-,-
124,I had a bronchitis last month and I'm still having trouble with my breathing a month later but I don't have a fever. Could it be corona virus?,-,-,-,-,-,-,-,-,-,-,-,-,-,-,-,-,-,-,-,-,-,-,-,-,-,-,-,-,-,-,-,-,-,-,-,-,-,-,-,-,-,-,-,-,-,-,-,-,-,-,-,-,-,-,-,-,-
125,Does washing clothes in the  washing machine prevent transmission ? ,-,-,-,-,-,-,-,-,-,-,-,-,-,-,-,-,-,-,-,-,-,-,-,-,-,-,-,-,-,-,-,-,-,-,-,-,-,-,-,-,-,-,-,-,-,-,-,-,-,-,-,-,-,-,-,-,-
126,What are the confirmed symptoms of COVID19,-,-,-,-,-,-,-,-,-,-,-,-,-,-,-,-,-,-,-,-,-,-,-,-,-,-,-,-,-,-,-,-,-,-,-,-,-,-,-,-,-,-,-,-,-,-,-,-,-,-,-,-,-,-,-,-,-
127,How are you ,-,-,-,-,-,-,-,-,-,-,-,-,-,-,-,-,-,-,-,-,-,-,-,-,-,-,-,-,-,-,-,-,-,-,-,-,-,-,-,-,-,-,-,-,-,-,-,-,-,-,-,-,-,-,-,-,-
128,How to take care of infected people ,-,-,-,-,-,-,-,-,-,-,-,-,-,-,-,-,-,-,-,-,-,-,-,-,-,-,-,-,-,-,-,-,-,-,-,-,-,-,-,-,-,-,-,-,-,-,-,-,-,-,-,-,-,-,-,-,-
129,I have a bit of nausea and headache. Do i have covid-19?,-,-,-,-,-,-,-,-,-,-,-,-,-,-,-,-,-,-,-,-,-,-,-,-,-,-,-,-,-,-,-,-,-,-,-,-,-,-,-,-,-,-,-,-,-,-,-,-,-,-,-,-,-,-,-,-,-
130,Sorry I het enter before I was done.. am I just being paranoid and giving myself an ulcer.. my husband has pulmonary fibrosis so Iâ€™m really worried about him ,-,-,-,-,-,-,-,-,-,-,-,-,-,-,-,-,-,-,-,-,-,-,-,-,-,-,-,-,-,-,-,-,-,-,-,-,-,-,-,-,-,-,-,-,-,-,-,-,-,-,-,-,-,-,-,-,-
131,"If this is really deep learning, how deep is your modelðŸ˜‚",-,-,-,-,-,-,-,-,-,-,-,-,-,-,-,-,-,-,-,-,-,-,-,-,-,-,-,-,-,-,-,-,-,-,-,-,-,-,-,-,-,-,-,-,-,-,-,-,-,-,-,-,-,-,-,-,-
132,Is it transmissible through anal sex ?,-,-,-,-,-,-,-,-,-,-,-,-,-,-,-,-,-,-,-,-,-,-,-,-,-,-,-,-,-,-,-,-,-,-,-,-,-,-,-,-,-,-,-,-,-,-,-,-,-,-,-,-,-,-,-,-,-
133,Should I be moving house during a pandemic?,-,-,-,-,-,-,-,-,-,-,-,-,-,-,-,-,-,-,-,-,-,-,-,-,-,-,-,-,-,-,-,-,-,-,-,-,-,-,-,-,-,-,-,-,-,-,-,-,-,-,-,-,-,-,-,-,-
134,when will germany reach the peak?,-,-,-,-,-,-,-,-,-,-,-,-,-,-,-,-,-,-,-,-,-,-,-,-,-,-,-,-,-,-,-,-,-,-,-,-,-,-,-,-,-,-,-,-,-,-,-,-,-,-,-,-,-,-,-,-,-
135,Should I visit my parents in a seniors home?,-,-,-,-,-,-,-,-,-,-,-,-,-,-,-,-,-,-,-,-,-,-,-,-,-,-,-,-,-,-,-,-,-,-,-,-,-,-,-,-,-,-,-,-,-,-,-,-,-,-,-,-,-,-,-,-,-
136,How many will lose their jobs due to the chinese virus?,-,-,-,-,-,-,-,-,-,-,-,-,-,-,-,-,-,-,-,-,-,-,-,-,-,-,-,-,-,-,-,-,-,-,-,-,-,-,-,-,-,-,-,-,-,-,-,-,-,-,-,-,-,-,-,-,-
137,Can I still go out for grocery shopping even if I'm just getting back from vacations,-,-,-,-,-,-,-,-,-,-,-,-,-,-,-,-,-,-,-,-,-,-,-,-,-,-,-,-,-,-,-,-,-,-,-,-,-,-,-,-,-,-,-,-,-,-,-,-,-,-,-,-,-,-,-,-,-
138,What's the capital of Palestine?,-,-,-,-,-,-,-,-,-,-,-,-,-,-,-,-,-,-,-,-,-,-,-,-,-,-,-,-,-,-,-,-,-,-,-,-,-,-,-,-,-,-,-,-,-,-,-,-,-,-,-,-,-,-,-,-,-
139,how much fever should i tolerate before going to the doctor? ,-,-,-,-,-,-,-,-,-,-,-,-,-,-,-,-,-,-,-,-,-,-,-,-,-,-,-,-,-,-,-,-,-,-,-,-,-,-,-,-,-,-,-,-,-,-,-,-,-,-,-,-,-,-,-,-,-
140,"If I was traveling abroad recently, what should I do when coming back home?",-,-,-,-,-,-,-,-,-,-,-,-,-,-,-,-,-,-,-,-,-,-,-,-,-,-,-,-,-,-,-,-,-,-,-,-,-,-,-,-,-,-,-,-,-,-,-,-,-,-,-,-,-,-,-,-,-
141,How many days does it take to see the symptoms,-,-,-,-,-,-,-,-,-,-,-,-,-,-,-,-,-,-,-,-,-,-,-,-,-,-,-,-,-,-,-,-,-,-,-,-,-,-,-,-,-,-,-,-,-,-,-,-,-,-,-,-,-,-,-,-,-
142,I have asthma. How at risk am I about the possibility of complications?,-,-,-,-,-,-,-,-,-,-,-,-,-,-,-,-,-,-,-,-,-,-,-,-,-,-,-,-,-,-,-,-,-,-,-,-,-,-,-,-,-,-,-,-,-,-,-,-,-,-,-,-,-,-,-,-,-
143,How much the quarantine process has a positive impact on reducing contamination spread?,-,-,-,-,-,-,-,-,-,-,-,-,-,-,-,-,-,-,-,-,-,-,-,-,-,-,-,-,-,-,-,-,-,-,-,-,-,-,-,-,-,-,-,-,-,-,-,-,-,-,-,-,-,-,-,-,-
144,What should you do if you dont have water and soap and sanitizer?,-,-,-,-,-,-,-,-,-,-,-,-,-,-,-,-,-,-,-,-,-,-,-,-,-,-,-,-,-,-,-,-,-,-,-,-,-,-,-,-,-,-,-,-,-,-,-,-,-,-,-,-,-,-,-,-,-
145,Can I move in with family if we have all been symptom free for 14 days?,-,-,-,-,-,-,-,-,-,-,-,-,-,-,-,-,-,-,-,-,-,-,-,-,-,-,-,-,-,-,-,-,-,-,-,-,-,-,-,-,-,-,-,-,-,-,-,-,-,-,-,-,-,-,-,-,-
146,"should I call to find out more, itâ€™s the coughing and difficulty breathing and fatigue that worries me",-,-,-,-,-,-,-,-,-,-,-,-,-,-,-,-,-,-,-,-,-,-,-,-,-,-,-,-,-,-,-,-,-,-,-,-,-,-,-,-,-,-,-,-,-,-,-,-,-,-,-,-,-,-,-,-,-
147,what is this rainbow thing that people are talking about,-,-,-,-,-,-,-,-,-,-,-,-,-,-,-,-,-,-,-,-,-,-,-,-,-,-,-,-,-,-,-,-,-,-,-,-,-,-,-,-,-,-,-,-,-,-,-,-,-,-,-,-,-,-,-,-,-
148,could we have done better?,-,-,-,-,-,-,-,-,-,-,-,-,-,-,-,-,-,-,-,-,-,-,-,-,-,-,-,-,-,-,-,-,-,-,-,-,-,-,-,-,-,-,-,-,-,-,-,-,-,-,-,-,-,-,-,-,-
149,How to stay safe,-,-,-,-,-,-,-,-,-,-,-,-,-,-,-,-,-,-,-,-,-,-,-,-,-,-,-,-,-,-,-,-,-,-,-,-,-,-,-,-,-,-,-,-,-,-,-,-,-,-,-,-,-,-,-,-,-
150,how painful will it be if I got the virus?,-,-,-,-,-,-,-,-,-,-,-,-,-,-,-,-,-,-,-,-,-,-,-,-,-,-,-,-,-,-,-,-,-,-,-,-,-,-,-,-,-,-,-,-,-,-,-,-,-,-,-,-,-,-,-,-,-
151,should I worry about covid 19?,-,-,-,-,-,-,-,-,-,-,-,-,-,-,-,-,-,-,-,-,-,-,-,-,-,-,-,-,-,-,-,-,-,-,-,-,-,-,-,-,-,-,-,-,-,-,-,-,-,-,-,-,-,-,-,-,-
152,Is the phlegm color suggestive of coronavirus? ,-,-,-,-,-,-,-,-,-,-,-,-,-,-,-,-,-,-,-,-,-,-,-,-,-,-,-,-,-,-,-,-,-,-,-,-,-,-,-,-,-,-,-,-,-,-,-,-,-,-,-,-,-,-,-,-,-
